RecordNumber,accountNumber,accountBalanceLimit,accountType,balance,accountCreationDate,customerId
1,XDq5rWjiDFHCxrWiKgH0AXLcVOFVLhgI0VwoLCyWSLo=,10000000,RD,qlkJJdNpPc/kodHHgzkW3Q==,2016-04-29,371337
2,5ee84+VeJ9jkq/D4FayGc4jIpzUDnXWSGQkh5+fDRew=,1000000,SAVINGS,xgEymEvOMD/oTF8Tf70nRw==,2015-04-10,991863
3,H0rGEkOCinr2qYeqZEa2j/9Ty2fZDo97lpPI1te7H+Y=,10000000,RD,Tu0dkh5r9TdcEJ9w+CgQ3Q==,2010-08-20,582476
4,mcN0RGr0NS4ZRNtjU1pho2XE3mo1/ONk4WfRgDa010Q=,100000000,FD,0hHJAWv9IuJFaBDOg7qBxA==,2003-12-03,900403
5,Ftai/ECODpIvDTyS6uXJs17gUuZCm8thcUyp65TLyzo=,100000000,FD,2F3HEAPux/CT78b2gSVqUQ==,1992-12-28,113241
6,VuAVQmxI5HNhNFCvJ6u4UqpgesIgX8pmKSjRu2v5fi8=,1000000,SAVINGS,P7IbL4qZGodjDsPIbo6hOw==,2011-06-07,316235
7,RDeFJfnksdVzxw95NUXr3Wx/expAV9q56F7skT0hF5c=,1000000,SAVINGS,A4Ov+0fWMRQ7Bjj2aIfZSw==,2018-11-04,291912
8,4NkW1rTUY0fLLIxQ1urXWcPcy1yy41s00PAr3HLyuLs=,1000000,SAVINGS,k64zLCrNImKZm6bvCKUT1Q==,1995-02-27,777652
9,G76wOtZ86IPFExHhXuAfZSRcIHoBRTXLmD0TLrgqBbc=,1000000,SAVINGS,Yo6u3BohpTTHDR413IMYvw==,2011-04-18,730369
10,QJD6HaS84rBvWrB3zhbEmLpIlm+jbaXS/VPLbfFQDCc=,1000000,SAVINGS,4/dBq75NEe1Fh24F1JQbnw==,2017-05-28,015499
11,0FOo2B1QLJtNI/RPeDj2busr52YsedjuSAC9ZubvfVA=,10000000,RD,6uXO+XYnYijT6NZwvk767Q==,2016-09-10,493286
12,rkLKxtFGykTPBvnWTsL5PbxkGRNIIlBsNwcoxMUoRQQ=,1000000,SAVINGS,GR4Oke87fjqEiM+XXEEP5g==,2007-12-24,577032
13,6lc76Ja/WcR+fhdVz9ZBVomV78Y1Bk8s8qv6nItiNnM=,100000000,FD,WE3sU3f5egBBJYtexX3Lnw==,1999-03-21,005825
14,5aNzYYfJMHFsZAQim+/JJ2mJuWvj2ckOAE61UT69oQ8=,100000000,FD,N6S1+aCnPlmDF5hMWM28lg==,2005-02-01,777652
15,MXW0D1y7rMa1qtIpDFZuetZtnqqXJ0veUXIZLDDlVSI=,10000000,RD,Lo6fphT8n5BFJaBzuiCQ4w==,1991-08-04,521941
16,Rwn4STGMs+e+z1zf5cxHu0I/e9pHJ31qDAPOiE2r2DE=,100000000,FD,vAHEI3UiSymPRPpT/8E/Ng==,2002-03-30,991863
17,9/IeCAYDvia0m+1X0l5A1++8c9xwWoieUL64jLKSYYU=,1000000,SAVINGS,hKLCuH3yhshL/skhnsarhQ==,2019-08-15,326607
18,rikI00mNd/bqMZkn7qbhpj4lhF88CQrlfWa9D9zT8EU=,1000000,SAVINGS,C0/Qd1v8KY9aO/Uhg62nlQ==,1999-07-14,823924
19,v+tpm9PxpkA0PrEJ223Y0CwM4FYLdrqgsY4Ci7a/tbE=,10000000,RD,SClfns6BlW81pmvlRh+xoQ==,1999-12-27,138350
20,Xe/dvn8oNtNo1ZsgfBASDt1h/XL1UyPkDO7jP46xHAk=,100000000,FD,Zb18I2TIUaEpaFZpYO9AUA==,2006-08-11,133872
21,iDd/5KabrGLxQemHJyGWWj87/GfURUQyXSpOfn7UbZQ=,10000000,RD,T79uFiNc5Qniorfkuqdj/g==,1997-03-22,424099
22,4TX+44TMs0sVaPYxjZKd7gIax6d6shJ616k7WWG1d4k=,10000000,RD,+YG20gMc3mwnhldmoCCe+g==,1996-04-17,773209
23,UHL+Q/TBWs7X7Wu22ur/m7SMAi5OxRtPSJDRaeY4iHs=,10000000,RD,eHENClrKTZ9XiZJFfIV41g==,1996-09-18,809940
24,vnBgllIJDFhOpkECOp7LhpHcOtlM1ydjNGWRmjeKIzo=,100000000,FD,gi+hBW87n0eqd6tAWwZ0vw==,2003-02-24,090717
25,F0fVLlghzlYrIX44PYlwXkfIzibkGDJLUG1PSGQlY/g=,100000000,FD,Jnpa6Q+avHBvVGqtsCgF2w==,1997-09-19,185475
26,DD6kk/07G213i6wEhQs2k2AwwHdPzBCp1RXdf8aMQ/g=,10000000,RD,lvQIn6Kt6xfggjZCvhhjnA==,2009-06-13,833071
27,6zoWQ6qAll6dn9UNFnljxenJOje+8mf//jzZkEWe+j8=,1000000,SAVINGS,DI5J7sFqcVtTa2IUiBVToA==,2010-05-03,818603
28,PVgVpWygu+yCWvMi2h6fHKmoOvgrKSaTylR4gcibrnk=,10000000,RD,xFgtqsbmRKFFXbcyJkzYDw==,2015-05-07,696203
29,qGWBsAee6jxYc9bO91eKp+3R3Y7m1Klz/2HuSc+Dapk=,10000000,RD,Ttrz5QccRdlHrwCmdPqXxw==,2004-07-10,727781
30,KNmGfYyh+CHxDwS5qwTA2ZbTgb2SsXuDzvxGTS3VrJc=,100000000,FD,bs1PJFJmaN9GjtjP4pbgpg==,1991-03-30,773557
31,gH1/Q46MtUq9l+kN0G2nB9whVs6zoS7gpmzHpRmP15Q=,100000000,FD,0BEjmxqB8MTHQZyn7R8U7w==,2000-11-20,876360
32,EcpCIVWA6SckcTHJ4d19sDc8lvMqqQecR8Ey1CfhLb0=,10000000,RD,KsBcLKTtxFemg2H1wCxdSQ==,2018-04-09,180942
33,4o+YqvaOPpRErWfvPrvkf9FxFtxk4MsKnSC0tPxhaNw=,10000000,RD,8eDFn28vErvI+FU37GoS8A==,2018-03-31,815475
34,gwzZp71zRCdqziSVsZwo2r2413T9QwngsXZvS70p7dM=,100000000,FD,iBZO8bX6Qsy+UwmD7Msjqw==,1997-02-22,476625
35,DKNYCMXnx8YbMvfeloeZG28ZR2AsBsZbAlQnpw+He04=,1000000,SAVINGS,Z1kWuE6xg2BqzbXQlFDuuQ==,2006-04-24,300856
36,vc/lxzm1N01Zllh0riyblH5/pMO4C/cr9ErcRVVUlHA=,1000000,SAVINGS,azK3v8YzDaFLZy9iFmUFTQ==,1997-12-31,005825
37,XUCH3v5V0tKd3lcb0txEzSYRdBO6vpS3nFhWz6F0Tgo=,100000000,FD,Bcg6aS/js2r7ySp+NIpBsQ==,2001-10-10,753791
38,No+BTj0XAexC1monaBa1FIq8Cj34YvfsmxdsN7K9kWA=,100000000,FD,GUEdKe45BCjqBbD4GwiTKA==,1992-10-09,362180
39,qtCVciIuIUqbeKI5vaVOAvzTADwFfyYyZPfMdyCrB7U=,1000000,SAVINGS,iS8NNuoAqMxygGKOgkCa0Q==,2015-03-16,202666
40,wFyoMZYfzghZK2CSBkcpNFusCM9TyaLioHI2dmjEDv0=,1000000,SAVINGS,i0fFFV0su47/wUq9aqq55Q==,2019-05-02,020271
41,mLECzeIeFUhdU/8np+xVYxuqLyKAKMahc4xh+mJ+5B8=,10000000,RD,2q4Jt4PxUAoYbKktElXDIw==,2012-12-22,334101
42,dcORrp2jA8IOH5s0NBjtinHC+zvvFkmNs9BSnKaRoZo=,100000000,FD,nWmGHV+4rgES3Gqepcpk4g==,2018-02-17,617341
43,Y8LFhyaKxnZVv7xk/FOzqXPKtMcOtYTJ3pX/2v9oQwU=,10000000,RD,W8/XkfMKM/63NH4rbgBufQ==,2000-02-02,127314
44,QmP5i03pIruAtr8gcfvMMMVNon9nUw760wKRnDDYv2Q=,10000000,RD,L+h1hJFWnfa5BtbJkzLpGw==,1996-03-26,849630
45,nES0B4Hk0zmPszhZFZOGwxFH3tqcQrV9iHmi6JIdiGE=,10000000,RD,JVOFUy6E0WzSk+sBfRnjQA==,2014-07-10,710604
46,E9jSm1r2R3e6I4zWRgNRhZC2FSzvp5NWF7Eh2FxGTYQ=,10000000,RD,Zd86w5zdN7YhAIl9pP5JeA==,2016-05-06,528623
47,YgHM8w5JHAC8H3/XA4mzvFMGnmUz9VGVZ+B+M2y8km0=,100000000,FD,G+J5g2QjUznt9G6YnvXj5Q==,2008-05-10,090717
48,fGO6GzP7xCjZCE+aS+17kXYYPzVj+R+ZYm8hrSnwJhQ=,100000000,FD,cMrP/iA7KZAEbHrOeSlvYA==,2015-08-20,362180
49,1QlXp9FIB0PeAizLB2ldx8DhtpBJhjghEK3VD9bB7I8=,100000000,FD,rJWcYO23vtx9croLfKTlLw==,2000-04-11,958956
50,fovvAVNWzreQNVt4YfD/K8Y1d7SlGY5ZI9dY5Nr8l8I=,100000000,FD,m9vOdwUpzzaJ/R+yOfymNg==,2013-09-14,799016
51,fs8dM15JYLudZEVJitztd2zP2wKEE8nFDm3lLN6Hq3Q=,100000000,FD,QnUx000ATOWv2x+L4ETjHA==,2018-08-03,127314
52,VHFcspDTlhc6WQP8T43iftNZN92ePrZKRLbHjB9zLZs=,10000000,RD,4sIXjnJtggjUrexWiX0pbQ==,1992-02-22,612380
53,HSz0GG+lUuKeY0do1xjpALO7a7MrbJFoAqESnE7pW/k=,10000000,RD,9dQBXxmdR9ylT2j9qhAKFA==,1991-08-03,163213
54,7R3qfudyUSgPQpxCKLpudidFa5a73UJ0kq3Olkk7e9Q=,100000000,FD,om8a/78W6wyfwtBhAFjnQg==,2018-04-02,291912
55,gC3ax+qI0lHwBRlsJ0c6c+g2v7h2XDGEa5g/0FnfT7I=,10000000,RD,Hsvy/YfSf9V6qpd6BpTt1A==,2013-11-05,437981
56,Q1KuKnMHXMjdJ4dZecq+wXj7c2zoe2l82Y6B6BYLN5U=,10000000,RD,loONDZwmn3wj5yHOangiQQ==,1998-03-14,127314
57,qAMlTsQh4dnSZGfutWg6whaVb3VZlJ3pq1njM2n7fqs=,10000000,RD,/6gUiugGH2KB4Ye/rH4JBw==,2018-07-08,153762
58,KrdDAY9k/Pgg5dsamUmDaBlTjGRdE6bLZlQSlJPmQCA=,10000000,RD,qRMgrDUkDFtFdBVJuD+ySA==,1990-02-06,859563
59,gWY67KlPZbfGDG1LSJV03q5oZMdbPbaSkTKfob0Su1k=,10000000,RD,khdsg1f+vRQEk2wIlF6DOA==,2002-08-29,521941
60,LRFgGAoEoGTqPBsNXxmcnLjVCyWH37mZGqBg0ZvdwnE=,1000000,SAVINGS,rZuShy6pjTQbyRfNusoVIA==,2011-09-04,783031
61,KQ6cPJwazyXfL+Q4P9zozD+rfiSwks3Pejm/fygdU8I=,10000000,RD,+Ee4AmRAq1UA5nLIdLBl0g==,2016-06-01,928548
62,BuwsY4mOudZ2F6ymDFU08ZfpVHSAyXZbwkt6tJ5Qz28=,10000000,RD,P7xT4exiJXK6Tzd0aYgTgg==,2007-05-24,419509
63,0qB/ABj8otcLl2Az13RxAMGltlzvQeZCES3D/hUGFw4=,1000000,SAVINGS,pTPcXIcCfPXxDNl9kl6Lbw==,2004-12-14,291912
64,atrxAkR+Rf6y+snwMJsHuhr7g+XU+PLUV+Y//JMAMSo=,1000000,SAVINGS,POzF9Z8OD9asuTgvqX68oA==,2008-02-29,493286
65,gmwipLNm2U/H7dbAs3HXcP3MMfgCkraI/gLTvPLG9rg=,100000000,FD,xdZZSxjMnuvc9NUVS5F1Qw==,2018-05-11,638108
66,vYmK4IuzyGIQRjP8sIenAHjkotJ22MJ4hteLKTJZduI=,10000000,RD,r18mbxmAjN3PYLPQ43uYNg==,2010-07-01,369828
67,KGARfF64pCA8cv6odISa5m7BkgoPQOHJaGklNb4UvSk=,100000000,FD,+NzKk+e30IoxLWgbCHx9PQ==,2007-05-04,650090
68,3BAsLVkrGZl0/mykqjObT8vuVGAM3SN1tgTqZfHeIAc=,100000000,FD,fG0lv/0xTtjzpfDk0RqaMg==,1990-07-31,306728
69,gD49yyCMDsNeTrmPWc1W6O8C8ze/5WDyzsrOkW1106s=,1000000,SAVINGS,SIF1oQF6NhfbI9tEJ/z49Q==,2009-07-09,766795
70,qVHhDvcfNvhr3wcGWd8v3o7vyX/XLxm4XyQghhR7DIA=,1000000,SAVINGS,flQV1vtdD+Hsun0VoF45GQ==,2010-08-19,213602
71,FsRc1lMENaFyAb3igsaeHfSNUVaNXTt8o1sMg3PMnt4=,10000000,RD,aGIyQSaYoGtAF83riV4oqA==,2016-12-27,665760
72,HQXll8GTrxKnVV8dfvsuIvnXYJsQQ8uIwXyeAVsJVuU=,100000000,FD,GVGBzyvZ/ZEjOIi7DXzdaw==,1990-08-23,321040
73,1iEeX+GAZMLRVpKtlWh7rAQh2Xc5NzVRyUnPAnF9gcM=,1000000,SAVINGS,u1O/ERQz8MgTLRO4NBtDUA==,2007-06-20,784313
74,M5jW2MextLgfucI/15prrSQQLkddIazdmySBdGWgfDw=,100000000,FD,GRIRPgKxLH+C3I0UCbWltA==,2001-10-12,306391
75,Fyu3Gc1Z46xjrdoqd9d3fqaKAt7L73U9sG/swW1vzZc=,1000000,SAVINGS,FH2C6fBmxfNiSBVBEcyptg==,2011-05-16,345765
76,k53VEMOa2kgQ2zc02oBL3MdxWqrj56geATKuSniMvko=,1000000,SAVINGS,UJWF4ycpeuYadJ6BA3XPMA==,2006-09-15,773557
77,gpDBj4LdYq+Gpa2PJNK+pN+4fpC8tv+vrnxsFhYZwyw=,10000000,RD,al0yQ6Y18x5VGQHBEXlAqg==,1999-04-21,672869
78,36onm/IGu4NzjO9uAvkP6qyLq7JMpuqRfkiTwnD9BZs=,100000000,FD,lvYrBXYO8jI8xjhQODsgMQ==,2018-06-15,927356
79,7XeqIjKFOf15dZYlrkTEf+QYWfPE02AOVgg/lpUaNsM=,1000000,SAVINGS,1QIqZSMyH5YwpqjCIErA/A==,2013-08-06,813912
80,dXwRTw3+IQuLwPUoTF2erUGrnH7DhkUsuMfJNdmDPhA=,1000000,SAVINGS,bpu5aVHFImcIiz+ni/f38g==,2017-10-31,369165
81,97biMSr7AkcfV8OloT25IUwHHJMwqga/kmZx1sca5t4=,100000000,FD,YybZXJTx29B3CpzToUN9Ew==,2018-04-18,004172
82,m7aYg6nf50koejRpOSEosxV//Tzct8KwT51HQyzGKbE=,10000000,RD,Xeed5CvuYhWIQQKBVHpQbA==,2005-11-30,243199
83,QCZbwdWoPqS5G94i10F+0+Npr0Jq4HV/LDLPFmD8YC8=,100000000,FD,Cgx5i/19apUIYvYXUxL6JA==,2010-09-30,414201
84,mdDoYlZeyqq6lBCwSPCd8ugdh8WQUbROHtwEAqt654w=,100000000,FD,bw/a2ugi4p2sbjpiFxC4/g==,2003-11-27,364250
85,iNCx3c32gpR9YGJErX7mkB91y8EwaUgVpFAY3hrGxh8=,1000000,SAVINGS,EV2Wx2dXU99yUSsR5rnecg==,1995-05-13,935771
86,zJGpmvFTiTho5U131TDORjntwmxHIvVPiWMsvNmn2mw=,10000000,RD,X2sGCdqa2pPvhSDrlEYd/w==,2003-12-09,308270
87,9HphTABu1BHeV78oINskxj+id0XaE/fO/o9lZaY1kWc=,100000000,FD,1e6/beKELxmylO7by4de4w==,2004-02-06,371337
88,+IQ3iR0NizBWZhhciaJsbqMAwllvybpTNWJdRAQYa1A=,1000000,SAVINGS,4JVOBHlBQfvP+StgxHHQoQ==,1992-04-05,602817
89,rnTbBYy0haPsPcurKiQaismJ/fYZ2T/4dAOht/bN+mk=,10000000,RD,kYhNXkzZCH+OaL30vsNxaA==,1999-12-16,354529
90,YsNyJ1XKPSftBPSlaCN3I+y0y6lavNa3NtVebwIQ4sQ=,100000000,FD,K2JIQOPjUCRxVc7VCAvTqg==,2007-10-27,510163
91,cAOl+wImGQiiWUhigjYnA/qGVCQ8l8CPQDyAK6bRZ3c=,1000000,SAVINGS,5wC6HpieHkiAsDX3P0hmdQ==,2005-10-08,601243
92,cpBRBHKHJkOQ40NlQCgBOc34/oC7bA8hpD/0eGziDEM=,1000000,SAVINGS,LrSka6B08H9fXihMfQFVQw==,2014-08-03,138350
93,AzpmksZaESIgp9qzQQbmDUSb8slNER1I1E4l3oJ/Aow=,1000000,SAVINGS,LcVhoE20Jyy6HklNa6hJyg==,2005-10-31,727781
94,K3CZFVrteiy4VB+mGuF7MBzR8E1kaZ+6sG79K5McB1Q=,100000000,FD,tdr0o1SwTRn9170+Y0ejjg==,2016-05-18,223579
95,h/SxgruefvFI0AGdNIeHMhJdagm+L+b38WpksMcu+E0=,100000000,FD,0czQF//51XIpI+3BpW9HqQ==,1998-08-14,703707
96,NAhrDsL1qMQJ8WaG8KxYzW7gR3S1Je6/VgEiPFj5vHE=,100000000,FD,VrEYYxBZpEuel4NW5a5oSA==,2012-10-10,095183
97,AMNxY4eP4R8aEeqvj5B1CMpnml4UPdgzux8eNfHPv2E=,1000000,SAVINGS,16KirtX9KKRUAebHeUBL7A==,1996-12-13,679473
98,+sbcHBKABnwbok5/WAZrCtwx5os+vZrlR1lvbQ+q8OY=,10000000,RD,msLT4bz1w9wBw+JkDlfjaw==,2012-10-31,415178
99,dUY3v4uWg6GQY3UGaorSVIrmDW696Yqb8U01uIw8GcA=,100000000,FD,Xj7FRTunqJmJDyTal5LD4Q==,2015-07-31,061276
100,C83NWAARsF+j/Q5fcq/Y4eX/sUD3tzdxN+lGmxz+mIs=,100000000,FD,yKWmZbNDVeq2CfZMVsdyVQ==,1991-05-03,730369
101,U5j0Mc5HCTBPzGnG3o3pbWt3eriRkIq7AIyLD4qsfLI=,100000000,FD,oyEzAnA+j7eeUcnrb7d/3A==,2014-06-10,548546
102,1vzsz1ycufEWjKRVnuu2nJJtbvdHtrjYzgQVAWriSOY=,10000000,RD,Bqb4mZr/15UFoJ8UgXQzUg==,1998-08-16,647546
103,l2p6Zj5llYcHsxKTQPT4++usumgmLXHh4XuHI9EZyCk=,1000000,SAVINGS,SykiVjiy9jAAMLEut+D5KA==,2000-09-01,646624
104,JTCb1lt74t8axujo+8jT1jEqpxPLLmkdvHR7TgRtoaI=,1000000,SAVINGS,xElTMIZoMr2WM2bzb+Unvg==,2014-11-10,902641
105,5JDq0cJC5QIDf8G1DwPjb7dqJK8ROthzqdq3XnJhOr0=,100000000,FD,7Ct3pgTE6AiKt1wb0tUuWA==,2004-09-06,446396
106,iclDREAJj22u6I6z7LtC36euzLATbwh1HFjeth1bJ08=,10000000,RD,mU099loSEo1ju5JMVmGZmQ==,1992-10-26,736679
107,x45Zg9zjulPEKmvOPEkC/t2B/kUeF0Nd0IuzqHrdcBg=,10000000,RD,d4mQpuJ/mCGE0L3RjGPs/Q==,2015-03-31,748199
108,xqfQOHsesibqKvAZuezfZ6FHF4jc6CdbBsOWuQEZYwI=,100000000,FD,zW6r8ltB76CVOVkiyfpDkA==,1994-02-23,157665
109,pmKdgNmIeMuoHcFAm8nRvTYCdK3NEmo/bZ0kOd9Se2s=,100000000,FD,KPYJjOtUmNbLqhw2A9wHcA==,2017-06-25,757177
110,9SitD5FUlGDenqzegxwgsu68hwb/ZyRP/Ob5FnxvDZY=,100000000,FD,01wSefpQv0IhNE3TFiJh5A==,1995-11-25,689249
111,hhABhrBV3/LpWimMU3Ff3p1keg/rVg0wz0rAs/taiao=,1000000,SAVINGS,/qrl0kPJ10kjL1j0uvmxIg==,2000-10-30,138350
112,JjI3u9FYtKXzlHry7r6z4/iAnNa0LWRw9wC2IYrqAZc=,100000000,FD,BvmNOhYiTaMYm8G+t1rCcw==,2017-05-11,064460
113,omRhul5/q4YNEFRbj6s7wOHqpvO3/ynmKILNVKp5d3c=,10000000,RD,AvLeclm45wC3B+q7BO9lHw==,1995-02-14,987958
114,qxzAU9q/wsoy4+YQZZILDEHCjWXyqqj6gQ9NqvqrpfM=,100000000,FD,gahaZP48YiYxB8uUAIsVwg==,1991-07-19,774165
115,aeqRkYu6B5rLy+P3GkfXm9bpuqe0svnlgLiIBgLkZUk=,1000000,SAVINGS,xuiSPVPtiu46efx4u5MeGA==,2004-10-17,789510
116,AetcuqXyB2xLqjsJXvnfnktI7ZqglJEeciIKL3bafq0=,1000000,SAVINGS,PlUmmoe/tnbUmbOowi1SHg==,2016-05-16,833071
117,2YFpXqgZflRr0ip+0lmYXIdB3K4ne1qNPAhrk9D5f3s=,100000000,FD,yx2tCP2+DaAZ27CTY5hmQg==,2006-09-23,220677
118,YttFrjRtJftoyZI3wmReeCRWwWE2THpUyWBtngIHWLs=,100000000,FD,HdaXp1i44lyNPv/fV3orMQ==,1999-12-30,768629
119,1EF9j3SXfZ/qC6+7GTEdHR6Aspk6cuc/U+BHJDrc5hY=,100000000,FD,vxUVPBTHgeMv0U5THnxUqA==,2015-09-21,927356
120,yu9B2geLVoB1EVVEigsT17xJy1gvoh/r138h54tx14I=,1000000,SAVINGS,maf8IFKn1ENbLAsiQb3C5A==,2017-01-02,919908
121,R4S4mEXHhwYsHi047P3nZt6PV8DAH/lR1Gku+wiXfUg=,1000000,SAVINGS,xryQ113iH7lCrFi0Lx9Fzg==,1990-02-19,646624
122,ryYLT4GbLltXdoZTgqqsYNEWXGzO2FWW2oEqTSVrrOE=,10000000,RD,6uRKRVUTiTclKpzDQkAhbg==,2016-04-10,891817
123,eCiSv8E5o/DU0LGWWJZ4MeMzf0bVpibDsrsHsNXj29k=,10000000,RD,Ns+msK1/r6tqB8N0Tr+0Ww==,2004-09-01,682736
124,WjZzAKpul076pb1o6+pB/D9caPi/iUd1CWmY2mWLT9Q=,100000000,FD,Z7LPf/kN0LiwsuG8uxpfVw==,2016-02-14,401645
125,XOnQ17EIiYeYn/zLYLmbAOZ00b9iBrZ34ucBIRzf3oY=,100000000,FD,h3q9MN1+gMIJV9eVDOLYKg==,1992-02-12,161244
126,Sh7iVYwSna8Eb3psPhTB1ezAiZiRw2VzlldMoYN6z04=,1000000,SAVINGS,aCro7j7lP//rcDjkI/GoWg==,2002-04-12,742137
127,UbHCD2CICabCKxGY9bUp9SrYsgVA3vR5NTmxJ/x1bRE=,10000000,RD,HWEiPPd7G3n/FaS3kNMBkQ==,2006-01-08,531728
128,4LsVrk/gNoOEnve5xdc+uk4ouDgHb2fapUzlJNDORIU=,100000000,FD,jztNM8F+7KwrwTy0hPkJTQ==,2006-10-09,784223
129,k8au2rKRvT+xyvSglvzllULQEdGVM0YGmPNFLFK+nVo=,10000000,RD,7DxpsENzOYPWLDKmWW/Rbg==,2014-12-15,370101
130,Rby0GrdMnHJxyNqmIw9a3ZTqu1u3i/o+qySnqwJutis=,100000000,FD,kxScqwohPEdnFWUHyueneQ==,1998-03-01,103217
131,c78zKYeofo7hyTYV6WLB4A48A7x2PiAYcMfBoTQf+FE=,1000000,SAVINGS,3B3eyavQKUT3zuH110pl4Q==,2016-11-04,344146
132,YnC/jS/TOJPuohOiDk37h8oULnYpJoHfQ0oK8DRki38=,100000000,FD,kLm4wYlxtimYAO5fRnk+fg==,1993-07-22,831147
133,4//WozC8B1/uuSURgICC32QVFjIf2pC4I3o7phcSZ9U=,100000000,FD,36FMkqf7zT/V+gE/gSepsg==,1996-01-04,773557
134,+pqVjKXJnLB14IfkwuWeilfQNvb8L7uNyKUXayjBQRo=,1000000,SAVINGS,4jMs1Rksih1nS3nQEEPKpQ==,2008-09-21,774165
135,H6LOEMDaKUx+voJ+BwKEwVESLp/qRo4LG+J4dsN5J6E=,100000000,FD,m0qSidKZ79P9lQfVZ1xz+Q==,2006-01-07,163213
136,pM+cHnhaDf3MslLzqYmRI9t/82/NrnGV0kF6uNoPk64=,1000000,SAVINGS,1apZ9uvOcz3DBGzQNUd9fA==,2015-10-21,870656
137,+z2QdLvxvd1FiDoakmtWFTUBuzffIQgF0kKX4pZN1m4=,1000000,SAVINGS,3Nf99eujtKjwCBB99uXX+Q==,1990-12-25,317999
138,SKshgTBzctW42qkqEn42dwtTBNq0vLA/W2Vrh4xDSts=,100000000,FD,Wp7d4CjDVxawem/pvQUH2Q==,2009-10-25,107952
139,xhotHQACGUEUm38sXd/Ep5wA1hk0TMl9wjmqtd53l8s=,1000000,SAVINGS,IyL8knOcBYO1Kfa1A49ydg==,1998-07-31,902641
140,HJbtP9msQ9saWQn0gz8MfXoLbXR13x8v7F2ijBvFF5s=,100000000,FD,EaTAr1WI0jdRRYQTrHn0Fg==,2014-05-29,757177
141,9IqcKHoo4V+bVxrQnLjCTRi0EHdbbqhFzdWt4LkIo4E=,10000000,RD,i5obkRysoGsYQ13qbR1CKg==,2016-02-16,432526
142,MgZol7R6Zjqe8zcT/ATKF0CKQitDc0UzHec96IFKrnM=,10000000,RD,ccoZvLYn2BHqq3R3DdI30A==,1997-06-10,527598
143,PfCsYmynQ5Q/5+HWu/NF3iiaiDZsGeTyyrUktR/NxwY=,100000000,FD,/dM5xmTDcT2rY5Ncpv4LVg==,1990-09-11,772534
144,bEn6sSuoHNVddQX8TLemBi+wKhgIWyVDZd4WymwlyrE=,10000000,RD,WZJglzO26DacBTsEKs2p7A==,1994-02-06,600130
145,I7EbQ6xLdKHwBX0wl3c4ZTIv9rHSn39+XbGcNKNzS6M=,10000000,RD,QeVWmrtNiFM8gXHlpGpnqw==,2018-04-19,414201
146,nYqWfD7fR61LGCPOb97cRydFwxnSmA+oxk5xwBJlcYQ=,10000000,RD,ate/E+gyq5MLNO8ANdHTew==,2014-04-18,380977
147,YCmav7xS0CRfH6tR2A6SChgUiUVJk4ECzesN9qAk/QQ=,10000000,RD,N0AU6x0Tox8arCqAiI3dVw==,1991-09-21,064460
148,l66l7uWakCLdSjFp43Pp4RBq2cLKDGtJ67SQEhwbljI=,10000000,RD,/eAkSBNOblBJ46KTZtv/Fw==,2011-01-30,250366
149,q2F47HKD0FYR4EZgWrRrdUIJ8sSyHiwjpi05aW3KRwE=,10000000,RD,cVjNSN3+rS0AJ1K8edie/A==,1990-09-15,354529
150,RTHVFxeAvFCkZQHBi6/Mpm9YEDaquCESTzN1NQkhzBs=,1000000,SAVINGS,cXAO5beNEdFjkthAWxLQAA==,1993-06-07,528623
151,R3RM4ypQ43wNsfTjOxkCXmj1Z38MEMfW4SPtflL71tg=,100000000,FD,CefowSaV7Q4dKpLHled65w==,1994-06-02,549378
152,XLHuRk4l5uDP0yrdN7JN+fvXRyChMjFEyR5OQPQJpx0=,1000000,SAVINGS,IphQy7br1Pu/H8J8lOEeXg==,2018-07-14,766795
153,+qclgLZA4LpKtHh6AAtJ1QYk8KidEZdXl24xGPrZgi0=,10000000,RD,tPXDqggZxTaPnEZtdTEnfQ==,2000-07-31,064460
154,svi5tZE0JpUgxFqVV/lSdXiqURR7y/34ZLRF5+Z0J9k=,100000000,FD,NWvqHhbe1fl/xnzxOGvwoQ==,2003-10-26,596325
155,b7PTWzzb9M2V3KkV+AxBsWWMXruwSMpRpcvROIg5uY4=,10000000,RD,4qkEhUtD+JEWNPLf1UAwvg==,2001-02-27,039383
156,ehvT4+Z5Uzvi76E5ezSDHSFiIG2m5M88nJoNQLgicCM=,100000000,FD,dyizXy3Qr1hY4FGglTLCSQ==,2009-03-21,693413
157,QzOdRGihQTts4ShKs8D/WM/7zen8Pte2HTrAnbiCKOk=,1000000,SAVINGS,gUxyWq6obxf6iV/QYFEtxg==,2010-10-12,961815
158,qakrNrU2OX4VxRnOV47199Zqc52vVYf82wokJwTSL9Y=,1000000,SAVINGS,bl3/zwQNn18h2YCFHx3TxA==,2018-08-23,549323
159,U+tV/XuosY0DIMOdJHdgR/+eX/JD06ulO+glS7ULy2w=,1000000,SAVINGS,n8ZxfZaT7jp/MiOXm92fnA==,1994-04-27,359759
160,ricHaD8gRkQhPeyIRXlFuFLQo1YnyR4TlONRbjTQtKw=,1000000,SAVINGS,sqDfaBh6n2c5Uv5BYkCv2A==,1997-12-24,672667
161,RgdwOaAaBNZTgccwXY+pT7R6NH+ULaD+B7fNwb2hhGA=,1000000,SAVINGS,xk5UeUXFPSANVKMlEarjHQ==,1991-01-27,316088
162,YkE2YclNfGJ+r69qycsOw/Fd2HE0oGU1xNGllv3iTCc=,10000000,RD,Fis0rZM6DfBqly0nGS3QKQ==,1991-07-25,005421
163,ma0flRkdiopEikzNjC2Aw9izoTdBqDqVgs/AcRD+YR4=,100000000,FD,eNAMNLO3ublLf/v/5qilvQ==,2004-11-07,753791
164,9Hu283CS+LB1dIWRDFCQN+kMiM4KOFVxBrAGvGuaJu0=,10000000,RD,sdmYRfUZYTOSY+A9z1DWBw==,1990-05-30,157665
165,QgvjnUZIOc6XgpuEbrkCgAnM0CLDWiEn0y4GfDx/s5g=,100000000,FD,k76p1UfIdznlRUMZr6eYVw==,1996-08-27,582476
166,4rdqTrrMgAljmQjpjJcq4EkRTblnltVd+ZwXi19Am90=,100000000,FD,dGktNI2T7Z/ir1IizSOILA==,2003-02-28,202666
167,5IexJPuDZQFrJnrYeHJXVGXb6jnxQxAyTyov75I7J+o=,1000000,SAVINGS,YuRQgI4oxi4prUrwCuA+OA==,1996-12-10,961815
168,PXSSaZMbxS72cEWiYyGNlGIZCk4/650NejNqTRXZvKk=,10000000,RD,MJ+E07Kfu6fnSzbBM4ydWw==,2016-10-30,359759
169,DQjBQ7DpCKL8Vu/7dK1i+m2ow/vRBsl5a+mcf2JtJ3E=,100000000,FD,rG1+xf2QIfEmxS/K25/Egw==,2012-01-18,526294
170,j6SO5YfHvJkZ8HeMCNhZKqCVWldSksWN5fqa6jmK6Bo=,1000000,SAVINGS,A6LSmNQ972AU4YobRl1AXQ==,2018-04-17,854704
171,kOrUZtGPOktnKjOh79mmQVR2HtNlZcJ08cKpP+OaJtU=,10000000,RD,VI5lCiJm2uYlj7vsJcio/w==,1995-04-22,212005
172,JXmV1qtT1Zzb/TiPFJpXfIbwXFnk57iVR+PBIjXVg4E=,10000000,RD,wHpE8Uxk5OwlEcy1ZfVIlw==,2003-12-30,274878
173,TRcof5P4QsPm2aUP628rU3D/HyL1pNQ9qgn7L1MTlrE=,100000000,FD,XgYffy2Bfuv9VjUfurJ1DA==,2003-10-24,520906
174,RoL8/66eN2/W23ebNvZIhcSpa5RQn35TYKabHoNS5CU=,10000000,RD,juFw+guPxC98f4/1nCxTCA==,2003-09-25,133872
175,n/to2BrPqGi3MMfwg93Iknm1If7HcDIwAf4iS0R7RIE=,100000000,FD,QX0oRrxfMVfB3JPFRKBqKw==,2013-09-01,929437
176,5dUBWpTaVbA/QnmUUdxk12RjoP+9TxWSblYihmvhkuE=,1000000,SAVINGS,PQh1AdcrczuHaFA+UxT+JA==,2006-11-01,523831
177,ibuyEf0Iop4wZfYOCaaTCIGP2RlS6KITUZ1bTEpO3kk=,1000000,SAVINGS,HBnrehEsWIUWj+18+7imag==,2001-03-01,992965
178,eFtPLlSgByXf7hfaBANjTosfE8XfbSh9gMR6wXZZOKk=,10000000,RD,DXgKpdZmMXi+CEsAOfR9hg==,2009-06-03,947910
179,bDJecyMWCwt7jiXsyMEtG8T7fsdniEiNscAXi3H+E1s=,100000000,FD,YXpTybrlHYxxztqKlz7rYA==,2018-11-10,051208
180,JjTU80GqONDFLQu2VhlH7Dv/5zUK4WxIc0U8GhCtKO8=,1000000,SAVINGS,kJt2kPDLKmUvmGLhbBX92w==,1991-06-09,360436
181,D7KlCifjpFcxhtHFL9+iBlHHHvxlRL9q7fuavrAuceI=,10000000,RD,xrIALuB2608tw9Xl3v/OhA==,2001-03-01,570484
182,bZkJiM21zhffYrtx6fgj4ROXttw7U3JfWBuXTcUpis8=,1000000,SAVINGS,UPcuC7eC6ARrVSKkBGOqvA==,2006-03-14,614168
183,4AE2Zr7AF7sIMyYKu3Z2nAyONFR0BnmPHxI1kGPU1sI=,10000000,RD,rSXEBxMbZeSwouxJcIe1ug==,1992-04-30,020271
184,2uI87pBd9KH30PZfLVSKbHTayTfidAzSonuNNUUvli4=,100000000,FD,L1nQl0l75WtIiqEW1JG4ig==,2014-08-07,255631
185,ksOaYmpJEOAQZf0GityOLf2/eGCopeuylUmevFv+yaM=,10000000,RD,nXEL7rd2BPxxSZCGj8rUxA==,2010-11-12,789510
186,ne3q4ro/3nF1E191P99agmcYJxPlDzNZr5J3QXosv4s=,10000000,RD,LAS1VMUBd3270LqhUh0Hiw==,1992-04-30,814755
187,BjMWiAQbJmmYZB6kcc4nshpaWkuxqtAIjAQ8fBqVFeg=,10000000,RD,dap6et1Q27ArghYLh0Lwyg==,1995-08-16,848842
188,XwYHVQcpD/TN2dw44iB8x4dZV20nw3OzZFUOF09ppFA=,10000000,RD,swwsDHrL4ADdQ7bOR4S17Q==,2010-02-11,961815
189,c5LwqC5+3l0zKlkyipyRNT38FqOxRlGxULTe/pGxrEA=,1000000,SAVINGS,KJceeW549wFWjaOz/qCNGg==,1991-10-28,279143
190,olI5rkSNKHfUgDqQPOLihk0J5LgHabJD4jefp29uO/g=,1000000,SAVINGS,q7Pw9q8y3aOmw4zQos/VLw==,2015-11-19,817242
191,5AGHrRTk4Y289SMuYKxcVbbJX2Tmg1Vq/U3HPfukTsM=,1000000,SAVINGS,2ZqNAMk5d3uQ8kRq40L92g==,1996-02-08,258432
192,+q+5Cd/F6Arl7suSpALIZoWbuYJ4Afee1X2HJhwDzcY=,10000000,RD,O3AbGwP0nEmU3bWmxeZwUQ==,2004-07-08,340535
193,aVjmCKcj59mafIw6Tt0CuS16u1qqlRRHUXUryVzjV5U=,100000000,FD,2Xe61PjdZA/GHD9hIyCTig==,2010-03-15,460370
194,e+9UUg8KDloQcgsMdc2jx2O6RU3shUBhaKTbgGXwqgI=,100000000,FD,RwF7UQir8hjgb6hIEtRCyQ==,2009-04-19,735476
195,NIc7JC6JL94FiVdRQNMs+/w8JZxgOF0JOheE67Hv/dQ=,1000000,SAVINGS,AvsyppmcuEAvNmzaXBHTAA==,1998-11-22,042994
196,Wjpi9CUCNHksJ8Wuo7cxot20oIpZtDto+Y/sRgu5+RA=,100000000,FD,6jkDGqaOncIa+/XASky/uw==,2006-01-04,814755
197,FZICe0YFEd5jvdbfBbJyP8HymnyZgSjY+gcBNwGYLxI=,1000000,SAVINGS,pAaECFJbzwa6fZdusQRjIg==,2003-08-14,898555
198,yYKCqKfiWZ9fjakM3pbyaL+rxXT8J5n5YIDq3QZID8U=,10000000,RD,psmmC3kIybHmeta2tSsuug==,2014-03-02,329802
199,+VeLLQ0PHjF95fDNQGVXbun/uOeVNO5NEHQem5ksWwo=,1000000,SAVINGS,trGly41aRmlX/YGZt9L1oQ==,2012-09-02,772534
200,cPSsIxF3YwJ8jTifPsXHMdBVhvU2X7quzG3PPFvwPSg=,10000000,RD,jSITatwm8s2OW/m23xFpZQ==,1995-03-12,902876
201,svTL84f984FxWp3YGVAAf3FcOTSR57cq1A/oEz5xDXc=,100000000,FD,52VztfIIogRulaiGB1MkvQ==,1998-10-16,526294
202,wpBXV1P/8HLJrUq7XuA/sImtFXMBH7k3wTd8ydowqso=,100000000,FD,IIFbsSpcaigj5rfDG2XvEw==,2006-10-10,695875
203,8C7o4J6evXyB+r2vxzvIZaFT6LFVLskY/E8r1/IS8es=,100000000,FD,J8EXH2j0IOWr1a2WHoA9uw==,2000-09-27,300856
204,kfdc8gG0QvHGahRA4cPxmGtOnu1pn/b08oW0gvw4S/0=,1000000,SAVINGS,cQwyvOo52LU8AAl3J6nnTg==,2011-10-04,169411
205,vvKXA1AYFG77+55cMSk3Sb+mzK/8SxMpd+rUfaxao+s=,100000000,FD,WyR3ZpwNFBF0mwKfpR64xQ==,2002-01-27,920360
206,KkDzfQlge8VQPvnDzzI2WqdMCAHNjw/qq2WryFxkqhg=,10000000,RD,wTNHgIFlV5tKGuCv0+EotQ==,1993-05-19,133872
207,+CeWsLiZMBzDg7o6hWIi+HxuMNXiA2kRP5tNgQoZS6E=,100000000,FD,cElCNCGHm9Te16nm5O6HNQ==,1999-01-03,896698
208,59twsqQsRV7q+OsdSG/hibz+vr+/B5S/JdaV6eoXkPM=,10000000,RD,SDKdZg0/8JLGQCiVXNyPSw==,1998-10-17,528623
209,Qh8p28cvgvUw2x/N4v9BGllvgiZBIV2uDHVj7VzDnGE=,1000000,SAVINGS,yLnpZEVYguaTUAZbURP+vg==,2016-01-06,212005
210,NgnLPQw6QT4ro4mUkvw3jV/K2x/Xg1q31w2V/FdQWxM=,1000000,SAVINGS,BEhQmMQa5IcEWODodZhEjQ==,2006-04-25,223579
211,qZoh6xJBFYbWfcHi7HL+3prSapLbghal4yZjkeGi1UM=,100000000,FD,hX24UAymSfNSfVn1IjiZQA==,2011-05-01,306997
212,UODd6BKCcLxK1TyXVse9wmI1E/kqUMzPxiewUnhdEM8=,1000000,SAVINGS,x1pbXxyJTk8Lmi/HeFUtMg==,1996-06-18,682725
213,ZmINt08APVnkGQhoIZLBI8nkMxItA/maEBIHh4AGa1I=,100000000,FD,6Cez/a2eczmbqKnUZzJ6hw==,1998-03-26,646624
214,i8xgKWDFTWYl85nSh6ApaDLQhBMScwK8QxfAG7GA2bw=,100000000,FD,8WgB7s1aVLaqUTwe+kzPFA==,1997-04-02,878788
215,NpbdmawlNF9CjOJGNBwrJPwiIPsDs894N+zmG1cGThc=,10000000,RD,m427jQieYwyGEqCR1WvVzg==,1990-08-05,317999
216,b1OfmnOINLTS4QCYWjGlQrRAxr9H2LGFu4U7PjcylFY=,1000000,SAVINGS,jP6vxU7m7yvnqcz6UURKnQ==,2019-08-15,132523
217,BYVARJ5Odec8ZwYeUxIUm61Jvf87s7pjNa7JqUPWYDQ=,100000000,FD,AuvvFyaXR98mM/0L3SqgIQ==,2007-10-11,430647
218,SXSzexUKTU+w5dsTze3VCuyo1nEFMtYJOO/gByCGABU=,1000000,SAVINGS,X2hjVvlxuHndJIEhTY/UKw==,1994-08-23,089344
219,ZVZu17W3AfmMv52R9acQUlaa8N0qtvxGZt/w4xnqvw8=,10000000,RD,VFJ5qjbYPxtuujWbTZIaWw==,1994-06-04,773557
220,8btLy7XMgVlOcummgCBpedRtdZnTb0nti4XA7K8OIak=,10000000,RD,3EOyrstrCjSsPXT0uRKoQQ==,2010-03-11,267498
221,mInsiRlaO3LLKTvSdKe+0kNdptpn/cvZHBZk2vtOoEQ=,10000000,RD,jd+bqmxJq6TUIRU4Fqut1A==,2018-04-28,245922
222,2DTT91u02LkXzAGkUz8ILYVLURf1ZAvNrkX6cG33Yms=,100000000,FD,4e8nnsuiGbFcsTLoCFJDCg==,1996-11-11,474285
223,/BdTcDvrcg842VTYNjv+efr1fXCFYilaK5JVEbTk0as=,1000000,SAVINGS,YiDNlOcCCzrPtnxMCFhR/A==,2009-06-02,380977
224,SsYqTxeA6XniNDHpAzkwJHVd2w/jLn8B3Hq7ux3GP4U=,1000000,SAVINGS,8wgnAimOfh/wmSd6ktP1/w==,2008-05-16,783031
225,TPApYeAPAkH+HROLPz2//y3tMT7P11LaLbjgeQS8lsk=,100000000,FD,kKlrJqllP5VkvmyjudlSdg==,2015-03-02,256788
226,c7z1dBRJwJA0QCiEpxQtWkhTu3jyH8ItkQWsPCtal7I=,10000000,RD,QtAoBTY2F4WtWgPqeBnCMA==,2006-11-24,169411
227,Obq3OPuJP0oXjkYSFox4xLoURYJZiQMRZ2/vSV9TuUI=,10000000,RD,qCnTYiyXtga73kI1xmkSaQ==,2015-02-11,841463
228,e6QbSLICaSs0zpOczcNTZfMkLoKGhZux8B2/SXhlZHY=,100000000,FD,J5y58q3Mhr0U+mF8Nb3fCA==,2009-04-29,440705
229,tUPudG4r/Vp5IF9BKmAS/LIohRJN3i4MKBR2Qa2SNpI=,1000000,SAVINGS,sSvUMQfMES1bjbMUrvRqxA==,2019-05-11,814676
230,KJTOwZq4PC90h3PFI8GRW21PbskWvHL2FbUXnJUXrB4=,100000000,FD,OMRfJDPMH9yCBcVAwMnDnA==,2003-10-13,668088
231,60ORkzjPoMfFbOdGbKBdYc1cbwGsvc5up2f4IhDLZHY=,10000000,RD,cZYElrWdxu0GxYAf+09VZQ==,2001-01-18,623832
232,762q/cbphUyIOvycnFuGqLwxsmHQJlhF20XW+WgrPx0=,10000000,RD,qbUgazlM//43QsPQBc6bGw==,1997-08-28,250366
233,7HTIL1iWILdsFEx3NR9WGy4/5S8juVHwcnNcWgPBnuQ=,100000000,FD,wrSSRlRdx1j0dEhycPHmHQ==,2014-01-02,096320
234,3flD1w6d/YDV7I5zPPEHefPIxVmy3sXPsolMUA3WkkI=,1000000,SAVINGS,q8X4cp0H5T2h7g3w6J+zfQ==,2002-10-03,784223
235,LF30SJkA7vyYcMHCIQNkluB+lQqB+eiOVET2MDPJkYg=,100000000,FD,AtOcU3UwbC1jEDe+g+WJsw==,2018-03-11,316235
236,r5zmviET6QipGt9xXee1TGuodrKVLtbcaiJxFGL62YM=,100000000,FD,dXP8JV9WbGsqZ751tq21yg==,2010-07-24,107952
237,i68mK0cGm4IXRbZL5Di59984JKQGGMqRay1DqXGKawk=,100000000,FD,xKE/hBB0BBaeRkfPlzKjwA==,2018-09-11,128517
238,L7tZI+Y894HlZhTJg4k2EWfJP6Z01eQy7o8yHHPCs6E=,1000000,SAVINGS,xqI8kpqm+Rg3T7y+MjC1Sg==,1991-01-29,360436
239,eq02AibnI9vLUYvzovJgzE8LJIl78fv0D6w14U9bAig=,1000000,SAVINGS,3rjb99qThvw0V1NJ5SWY3A==,2015-05-17,665760
240,mlEC9uRrJ5TyKchaQuZiaqGEjpE1bGRgh9/DyYLDPKw=,100000000,FD,7H2WAQ77RbLW/dhEUQTZiw==,1995-12-14,360436
241,p7ooHmNlxCs/IQfxAnczdGMu26+F2Pv0AqwZR4DKqME=,10000000,RD,qadmM086JPTbDO3TQQi1tg==,2012-09-06,314345
242,yv8/q8FOwXo+HhiWeU5UaIqqraWpeWkVQbPIPWYgxtY=,1000000,SAVINGS,sOpNkoiuRiNy0E9F7vZR6A==,2019-01-14,674131
243,BU5ZD2uWmv3V7/rG3ta3EHBWhjfuvI7hqDP2LBSJmsk=,10000000,RD,SOK2n2ydp27/ZeH0xEKQXw==,2016-03-19,583220
244,vzDVqRI+93fPZnz7wgh9LUikJKHvAxX5PCXvv8EAmRc=,10000000,RD,jXRtiQPLTXoY7p113xagew==,2003-04-14,366139
245,2726+p/WbuLq0yXg2IhV870KE2gp7/zdEuTU2dyAdi4=,10000000,RD,Y5vq3CEx465Xyj/ZpOJ60Q==,1993-01-27,638108
246,A2xqiT0pMG/aBVvXISZ78HAGwAU6NqrtoMDxvWhjdF8=,10000000,RD,pOzZkIt1lesmysYA89X/pw==,1994-11-19,567974
247,f0xw7TPHCwHxnoajsgHML8pHBT9x7Lb2e9WWa3V2sZg=,1000000,SAVINGS,Cu5D4bLEhQBoOXzwhCpFFA==,1991-01-07,169411
248,Qduv7IOZgOoVrAhZp+1vtRHY3ejH69XX0tRO89ec+IE=,1000000,SAVINGS,E+L8TCLL/9ug3I0ngBSirg==,1997-12-03,773209
249,5QpH7e8nE9dVi6yYt2AEmwQ1efQ+0GsGSHfU8nh1I+o=,1000000,SAVINGS,AgtGlQC4ienmEEgDBK9hBg==,2000-03-03,513605
250,zsD7VlVNJqkk8v8GiNSnhd/Xtu55RhhDYQ85BFzr5EI=,100000000,FD,hap9SLk0LUqMgJmJb81o3w==,2007-08-26,163943
251,SfPDTaYyv8qKu5h/6pvoUfh68u7csFomplGzfrZo9Ic=,100000000,FD,ij0zjLUSwc4VRX1Py1c9Nw==,2012-04-03,424099
252,DPI7bbEHi78LK5Ug7vWqhMSf0ZtrkiSOvGdKYAy0ro4=,100000000,FD,9Ueqxkq9iPj+EJJiMpHyUA==,1997-07-28,727286
253,Z6qgVPL6HHNQymMna6uswhLQip5EIQy7gASxu1KvoEg=,100000000,FD,UE1CkGpZwhMxqzPG2Gjw6A==,2019-12-15,849630
254,9Lb7crhzAugtB1I+M6FoU6Puyvk1bUHBq30Ihwz86LM=,10000000,RD,fmYolwBsu0ERPsUjbjzMdg==,2014-07-28,427216
255,Hg44+77MbC+ptqGQaUmGaX448wN8MWz8qkdsxYQnQ6w=,1000000,SAVINGS,3930E5wqFoMSUF0NPVj7ew==,2000-08-06,202666
256,GmlBb/aZSAclBeEp63PzFY2jz+fFP/Xww5ANHFX2SP0=,10000000,RD,7/M29mt+8BYdo7pQTUfeEg==,2016-12-05,620817
257,hL2BHwLo2pJAjvyXNDG7zkX6mGvF2CItUljdt/vEpJw=,10000000,RD,atEy9KMvoJri4QG2/MY9cw==,2004-04-23,813912
258,DlkhG6ne6+XaI1Vj8O9a0bdUQciGbkeMSi4b1fGsDM4=,1000000,SAVINGS,yEDTyDA1cuk4few3unqTUQ==,2014-04-29,814755
259,KjcXg+WAKDZSHUUxHbi6bEJi67E4+ktXDl7yGFHuAi8=,100000000,FD,xSDM3g+PGKZpqAHW9XlsSw==,1995-06-26,910189
260,I22tO8+axMgjKLszD3xWQCSGatZQDAu3heIq+Cp3LYc=,1000000,SAVINGS,cUXKrTv+ywHEQ2QAenQBYg==,2007-07-17,100900
261,7HYtnKV6S8XW0OOzdVgBuovOlmzyEh3Hs8IAjVZqaGI=,10000000,RD,UMEqq+Sg9ACchccn64y2Dw==,2006-06-03,548546
262,nx2TJ1T37z29vdErdBKSQ/3kuIsl47RCdQ/PSJOr5Ds=,100000000,FD,YCigee9tpkJKnf5Jao2jsA==,1994-10-19,547219
263,wgiDmfnhQmHfjGSGu0eFAG6tX71Vpgq0qMqeandtoYY=,1000000,SAVINGS,P08jmaGSI1DhH3RBOwP//g==,2019-04-29,326607
264,tNpR7c2LDa6mK67+8mVeMFefN3Lxw0E+FnSGsUbgAL4=,10000000,RD,cScUr6nTuKdzFpezlRuAfw==,2005-02-22,331726
265,jz6PGXQfqR2xdJjHIwngEhxwbaccscHe10jctnL+Ing=,1000000,SAVINGS,nqN7E4bIY92KA/82RF3Fag==,2011-04-17,169411
266,WOA3BZvRIC2SHeP3nJt2UEjUkAg9789djtF9MUc0pBw=,10000000,RD,Hs3cAz2niwwhKcvrsHPh+g==,2014-05-07,526294
267,scoQBwjpyl47ZPGTth8ByKQj64nwugviipJgB3mqauU=,1000000,SAVINGS,HKs+c/q+JMUPO3XXDLRlBQ==,2000-12-03,831147
268,ekuTDrtiOK9GIkrJAGoryTxCgiOvyOV07AFpltoFC/4=,10000000,RD,9op9OUwWxMvi90RwmjUBBw==,2012-01-20,169411
269,lLJJUL/fQnk649Xu7EjXHCybe95Xj7+UnBbfpsjBbhM=,10000000,RD,HKswIVE6IpX8t4QklK6ukw==,2010-02-28,212005
270,zoZI/5nbVRB04N4RXNJrAWNN9JHyYERWTBmv3x788Hs=,100000000,FD,jHhiXEh58TGcPRDKfajuoA==,2001-05-11,753791
271,oz1gXjWYv6Z/CHril/XFI8F/3wp9uvoxr5abWtyhoXE=,10000000,RD,Jcx3N8QdcnDsiiy4lFVLow==,2015-04-28,638108
272,BnqBCTkPfX+z3DCYEkgjO23UEvwJWj0N/ccaAryigjU=,1000000,SAVINGS,rRWuNayDJK30K9onw9EHEQ==,2018-02-17,279143
273,Jf5O5F1JooGhyMp6mz0tujlGousA6gG24PKs1b+txCk=,1000000,SAVINGS,1g443CojcpMo6ncCchg2NQ==,2017-03-07,306391
274,d9Hn7ntp+LFHUlkU4IZB0+xlNYKkq1pThH5Lwo2Zl30=,100000000,FD,Gdb/EQp4eTPUV92BYACjrw==,2002-02-22,971984
275,zq1yp0Wozfu75W3EPLew0q/l1eXMEyEeIW+En/6PByQ=,100000000,FD,XZ46ob2WvuQsSiMAT+vhFA==,2004-10-04,132523
276,yqlwnr0iqEDCYQ6S6+Ggd3OlcklpaHEh6VyVqQi6zCk=,10000000,RD,hZdugIXcaF5GtK5ofnZxMQ==,2006-10-05,380977
277,5Uo+fAJZtLM5OmzLnJ6SzmvnLYLDpCJpVWWOhzjHc40=,1000000,SAVINGS,cC1LDqfDHOzLbg/d+F7UPw==,1994-09-01,185475
278,cxAv1fy9lQUOtEFEAZyIDL/a3JVfck3aHme/+oxu2WE=,10000000,RD,YjiNu9HMHHhMTEZNzUyucg==,2009-05-15,461360
279,d1LMDab6jhDlKZ/F1FpaRcLRE5VE7QDtOikLN/ILI4I=,1000000,SAVINGS,H08MjNogvOZzT9xARvXfpg==,2011-04-26,418328
280,JW6p84Opv1UZ7pCC5V7KhJVoGT2PRUBGCfuD5pulHX8=,10000000,RD,MLOjf5igH51gCnfsdNx9Pw==,2003-06-15,836940
281,+L6lwucjmIVqXZnKZ3mXh3JUfrku9MVeM9gMYFEbRbU=,100000000,FD,ZAHyaU+n/jEmt1lgfxRr1Q==,2014-05-16,344146
282,+OrNRQNWP1xGNR1OycY8QWs8DisCWhhSghinH49MhG4=,10000000,RD,CsZi3cSIie4eQTQYOQfcgQ==,2017-08-15,471170
283,5G5k5n4MnaK7Vb/r8AVDsnjPfMXkM1Y2xxLXe/QAuy0=,1000000,SAVINGS,KtJKQxCos8FGG+B1+GsE2A==,2005-02-28,864941
284,OAXXRr7HBLRUuDJvsDErLY64zxJgC+YwuIvhb7sbp+w=,100000000,FD,vsIuXaOHdIH2Jtg0LR7pBA==,2016-06-07,789510
285,EqhlnHqmSXUM+jqzjiOkO3NqNej0lNaNbRK0/s+wiaA=,10000000,RD,kqWVrsuKqTCgdXWkxOC9Zw==,2012-03-24,900403
286,HvP4e4eJoYPjnrwJX+NdFRKximhEV+nYtgqbrfzQnyw=,10000000,RD,jnh4+IvaiR8nJvluIqelvw==,2013-05-03,689081
287,vALXsXrqECmDTHTdlZWlZHa6ea3whgiXbHa03uBDR6A=,1000000,SAVINGS,AKvm+ISzUlVYL4r7NBF+OQ==,2000-05-01,354529
288,qfsHX2mAyCaQ0Xf5bQIv4WCMIIfC/mOQxfcGSVgfwwk=,10000000,RD,UyJxFFYxEVjM3iBF0B51CQ==,2013-08-13,307112
289,n1ebBjTZaLROx0M5v+8T3bNc4C21h6It3B1SCoJl6uU=,1000000,SAVINGS,R5Z7VmVBpM/WGtAlNOK8OQ==,2011-02-28,928548
290,74Wg+ogCr1gKR/OkmvJ4xa3Y1fMELmH2X0GNC9Qt3PU=,10000000,RD,y80NH9AKywBSr5wjZTawcg==,2006-06-08,326607
291,kF3gq9L6ZFvvhs2tsGvopIIH0mWPd3VP5fFl3FCmaO4=,10000000,RD,cOHxbsH3C9KqVFnaS8UZQg==,2008-06-20,695875
292,Ii5iXgCIromfSX+WOl67orLE23wfGBviScDbnEPzar4=,100000000,FD,VRrz4+kAtVAcU1WSbSi15g==,1998-06-18,679473
293,zgSeaUoME/OvCk4bhltfx0jH61MAe3Q95YR4appKq5I=,10000000,RD,DTa3jud/IJJqzK/uuS9deA==,1992-07-13,893752
294,UyxGOiPH0ad6GRTtA3wQTUH5pwhEt4YFRcs/YqrH2tU=,1000000,SAVINGS,3Ywvbaew8AwG3MfFLMu7nw==,2002-10-24,768629
295,fqZiTGcodcZB6rNvLtjDJO/riNU+5s17b467N4/142c=,100000000,FD,s3dQpbaQ0HyMmy2j3gAjAQ==,2005-06-16,526294
296,C+5uN5j3b7inKZJlzWDuobUq63J24PdCMV3kq+rcoY4=,1000000,SAVINGS,bvhAFapsKf3wnM3sPYKTBw==,2009-04-06,647546
297,ffgB/jV2O48qH+Ag52+VsiSzLYDyt4au2d49MePxBt4=,100000000,FD,9Q1CYCM/QDgbWSwXZS3lsw==,2000-03-27,005421
298,YSCJ5vg+jCLcEqkFcVtIfNHJIIf8KwdhNqkBGgCvq88=,1000000,SAVINGS,oDxMWGXeKBsA7vFHnpIw+Q==,2006-11-02,258038
299,bVVS8AzK9nZeD6dbsRvpNQVSXIgMDO61qp2a4mMK7cc=,100000000,FD,9NomSBWoxlbJoJw8PXkVNg==,2011-02-17,279143
300,w9DGTqTBNmLOyqCGcEKze4y4eutVnBRNsOeA6mJAxqY=,100000000,FD,LzzNwwHtG5MsMPHV6DYnuw==,1992-12-04,226932
301,BPxg758Pv5WjaPIgCZRtgpm6Ks1DajhJnm1vDshfEzU=,1000000,SAVINGS,kuHdL6kHkKjtHbQb/7ZHhQ==,1995-02-07,369165
302,UxeowfYBUmGAQz+L2hRGA2aLRV1nMfHSeudVf4nVjPM=,10000000,RD,CMnMzNx+dWwQf3C9NWWCAw==,1990-12-28,682736
303,fMpN6c2TbBDFUS4htE0ssiEi6K7fCtyx1RYJ5FIZHok=,1000000,SAVINGS,dDT3mdk7kKNxxm18ucyoXQ==,2001-04-27,212005
304,DR82nFx7zLGuHC3U0Ysk826MxtjGpBohU/Oax1+LB+o=,10000000,RD,cwF62x7U77T96N+0K3mfBw==,2005-07-22,293857
305,7jMDH94u7JHkqAs0Vu/ATKzvlFVJjp0GoQaUZXIBF7M=,100000000,FD,7kKaJttKJzyEti8vG/Vflg==,2001-07-08,427216
306,IWx5UqZ1+jyFbWxPnoBol+ckM7yLgh/1se/xcMxluLU=,100000000,FD,2IhbCZSraCg+W/Cu1+NlJQ==,2016-01-16,329453
307,p1M5snrmxfBp2Zi1CV44HjNtJXnUIkEvGxio+B6Bb18=,1000000,SAVINGS,Mo98wkLRBKAKYzUztk+0VQ==,1991-02-14,592343
308,Rys/TcX7nDH+fdn2Szd7SaMuxEG43YEBmA89iEA6REI=,1000000,SAVINGS,hqonsNAcWuB/K34NIJSzMg==,2011-08-25,213602
309,5NpUh2QMtTGGpXlyT3NyXwDWf5m78zWFtHkteC+hElw=,10000000,RD,VEU3HoCt/F2GsusjgPSHLQ==,2016-09-03,957113
310,BPxFyucvOahPhhFpeg9IqKBGUCZhGzuGd9eJFIWJrf4=,1000000,SAVINGS,c6LYYA8dIyc4af/JxyhZ7g==,1990-04-19,929437
311,Y8NW2B6cbq7QaCB+j2jzx36xM6c3HvoNVqXsv0ICKs4=,100000000,FD,RXK4jmnCZgkS99i+jjI6GA==,2013-08-20,084956
312,ea3IoE0RjSC5Jb26Se+HZ64VnqqaIJJ0gcqaZAfJpl4=,1000000,SAVINGS,JU2W/C2b0pUFr5dZm5ii2g==,2004-03-02,623832
313,BmLrawOcQvvlMMJNMaQ6JL4550oO32aLsU8q6Mu/9kQ=,1000000,SAVINGS,KGiBUVVHqIRU+SSk94nzTQ==,1998-07-17,497808
314,jZrew4AqUeKVXV4KVpwEoIOkCBUHDdKrDiFcnullDQ4=,10000000,RD,UMLfYVp6KkGgWc3AvbIKCA==,2007-12-21,805407
315,kwZKaz2BSX+ILToCPGfz9qpDtBMgHJuUZ6xVI+ye7GQ=,100000000,FD,AcU3/eDehl4BTnQ9inuJ0Q==,1998-03-22,731821
316,meZ8YQvS/Gq24l9r2n3cbIuV3G6g7DBbkp9PJMnQUzw=,1000000,SAVINGS,kV7cdC8V6H7wDSLUm+tk8A==,1996-03-18,805407
317,JiKPL/kPHyTGc+VyQusRsBmTW2fmL5ldINZaw3LzIj0=,100000000,FD,h/YKpAQJMxi8Crqidp7Ccg==,2013-01-02,202666
318,5z3y61K7QY7xn3rl1rzwfhdFYK1z3GSmqvlcSrSkhOY=,10000000,RD,bSVKqB1ANL4JjxpsWx0KDw==,1992-02-19,736679
319,IbZkTQ2FXfZRf/mJpL5nZKFbkoi7+L9q4Bmbcj8phJI=,10000000,RD,v6qQFruvIB3Pfd69ZYMDfQ==,2010-11-27,961815
320,1iMs//oDbH2sqVYRoNOmDmmL6gg4/aVebfzEbA9kuqc=,100000000,FD,mf0jAO7L2QSMbFQqdCX7+g==,2013-06-13,742081
321,nT6t2+RquK7VSq+LixOEO2/MU8u01H+CxMjL59aA4AU=,10000000,RD,HrzQ6OdYXMEYbTszEJf39g==,1992-12-16,380685
322,VcW3qkwuLp5+ClqUgOBdbEOeLJDQ8cAlJK3118e27zY=,1000000,SAVINGS,beBylvNN6zRsZoqIFZjdxw==,2002-02-21,011754
323,n0v6QE3UTlibNTVJE9EYVCIZ8NAu8rNPysoS+n01kNc=,10000000,RD,6W9R3cDwqqvB7EEHSdM33Q==,1991-11-12,898555
324,bow3GQAH16dDizpaMe1KGuAmLRBwbO/DLdPNw3Dh1Kk=,1000000,SAVINGS,/F5DSCgnBHVrDXWmecyoZQ==,1996-02-17,870106
325,swD6dPyq8gSereL6EHshpD4Baz34/rPYreZCsRqvp7w=,1000000,SAVINGS,oNC7zVmPBynqrnVNmGwdbg==,2001-08-19,434090
326,4c1DQEF2Lv7wSD8oC6T5wU+rbNgKe37oMjNMz+lWFe0=,1000000,SAVINGS,gGh41AEANGFAP8za7hpfQA==,2013-05-28,577032
327,V8e+iRBEfkCUn/HLgMaEVQyPd0iBG9Rx67IsOJ+PtbU=,10000000,RD,RL4p7qz2913D6snA0z5EOQ==,2017-03-07,898555
328,FyejMmg0RLClzEY1H5K+OeT9PBRlWbClYx/4XnvloCk=,1000000,SAVINGS,5xb1d8fftiuSSpkQiPWEkQ==,2002-04-29,947910
329,v+iiZ7czBa37v+Y9TBhV2K6UIIJW/jB+7pvzBPJhy7g=,10000000,RD,BeH04e79GT1qFPhiCRhsLA==,2010-08-10,132185
330,1Nc7D+2eBHxsrNrYlxU6f/ISmmgxehrDrTx9PO0m/j8=,10000000,RD,5+xPcF0FPG3Y5fGDNVaMTQ==,2005-01-20,856447
331,GmdO1UrM6efiQIFNI9hctmjTX8I4757mzTVJfYFAJOA=,1000000,SAVINGS,kXwxIo1Jedh+IPPlQjP/+A==,2016-05-06,249847
332,QhhHHodUiod2G8/ryhz05JvSRnWfAui779itRTTA4Lo=,1000000,SAVINGS,tGv7lBBI04mwEFhpL04dmg==,2013-02-06,875651
333,u7KmIDCOHKjRM6Q2XkYlO+4zaYedDH+Q5irlCJUSYLs=,1000000,SAVINGS,M+Ywd+BcqyzDMHPHAiWzqQ==,1991-11-19,304478
334,kQmVz4OJo8D+MHEtfE725M5IqGo/tWpLDlz3XvbmGu0=,100000000,FD,N8z+uxKNZ/Pyac3mJOGY7g==,2004-12-27,523831
335,YYUE/oA/jsWNxG5JDh3j9oynI/KuxH1sjWRMpOg5Opg=,100000000,FD,jeIuugg2Unc8i+MwqjHzpg==,1990-11-01,306997
336,CwmQQfDfdhnF78W27tjZn82C8C0Z1Ygdy4DEQMnQPCw=,100000000,FD,1zhevrYYP/h4px0nHzs+yw==,1997-01-14,461595
337,kUieB/1qhWQJOz+d51cm4LWQFdhWEciIV0fI75DvX1M=,10000000,RD,xMgNLDwfpDvwInSSQG02hA==,2000-03-04,419509
338,0zSSOXYYTeEu3iaALzYGmcKdBPNmgmpPV+UHdPeuym8=,1000000,SAVINGS,6AgL/Yn8gZpPI0xZMn7QNQ==,1993-12-19,067957
339,0eOEx1Hf1BYFqJggHDvSf06ZL8kFLSSafrDgnWVslFs=,10000000,RD,lglfZPoyNT3FA/9FUq3LAg==,2004-10-30,258735
340,Xm5Wg2PbQQuZmwuZ7iZSEWQOG0KpAS/Uc9UIN1LocKY=,1000000,SAVINGS,e0lLwywkGe9iY1RhvBQdPQ==,2016-09-02,260132
341,v6tvdzaTxMgIgIHVCrVpaitydh7cmdRatsfSSDA9cps=,1000000,SAVINGS,vgcvOEg+b2haZLWsZMS0pw==,2002-10-04,306997
342,8F130HrWMIImDNPQKHtWX6PuNmOFH9zqEzNpssogVAM=,10000000,RD,AFJ56UnT3GUgJ5feJh41Jg==,2018-12-25,055482
343,Dyi/w97mr/AntFjGRqLopP6FI+Nhrs9c1F+4N6zPubg=,10000000,RD,cRD8mlm/ftVlmMkZbEUr5g==,2019-05-01,893752
344,OK6TQtBJg0AMCESQ2AddxIuvTRSJ26193D3FBlZpRUA=,100000000,FD,sb3D04lNe7JW9sr/S1wq5Q==,2000-06-01,366139
345,TRWBKyHdO5+XqxhdhEHfRK3/BsfDq160h17OIAlg7NQ=,10000000,RD,LQeae5nDXqgs/UuGODIscQ==,2002-12-18,521941
346,h5O/fnRP4dK44uxF2msvmcSrDg/mmcTt2ny3WSs0+74=,100000000,FD,uffVaB+rnizvu5LWuxCvxQ==,2006-08-02,132523
347,a0M4qkSMbZ+35UVDqu1k4IHPQe7qafQCMN6zF2Qt7AE=,100000000,FD,t1LZ96wsSL48DtbKokN3Bw==,2013-11-08,674131
348,2y2sMsvg6fQ8mhQjl1aN8q5OCgblZ9Cn6G7bymzbcqE=,100000000,FD,U3uVntxq5JwF+7ol/f9tZw==,2014-04-04,291912
349,KiwTw3zsSaUR4+PdJMTK7V6KZoMn0i1n/GZwok8wuhA=,1000000,SAVINGS,+gbZzkUNzYT3K5pgQXa/0A==,2009-03-28,095329
350,8VAOxVTOrwFERLLGNFzvTOcl11XQSnCWx3aVVf/mDkA=,10000000,RD,zm9XQOYC3FbU3jp8CMbClA==,1993-09-20,226932
351,a0oofeeXKgu7KRmNNphg8vi5e1kXThWf0TUHWTlGwHU=,100000000,FD,ITB7AlvhjwoRZfAlLnnigA==,2010-02-11,353900
352,7odIme5uwH+dKztQpPiFucq4EH9Y/Ax5neVn7enkwRI=,10000000,RD,gmfFID7FOLgOBO+iBirPDg==,2017-02-03,048899
353,iSL85sOJp1q1hWVgzSTVgm0qSUnMXtvsCZc2Nn9zavs=,1000000,SAVINGS,vz3GETQNScKOqSuHuxiwLg==,2013-09-09,345507
354,IJSqdOG6m5mUvNeLT5PA0aRHS+1Y0F8dGlP1zdMuglU=,100000000,FD,AS5PLS7h0gByzS9TTo3Bzw==,2016-01-01,774165
355,gUfhrezMht0tIFK03lsECCHsCg82uK6L5cP9jtGaWuY=,100000000,FD,5NAVbXt+n35e0b/KWfuVzw==,1991-01-27,927356
356,FyjviEe4ymQW5Z3BoIyliSdFduYGdrVKZTTdaiFnztk=,1000000,SAVINGS,Rr/O09pabybu+0LSdjoivA==,2017-01-29,180942
357,bcXoG74iC9CDbhMkKpm4ZMilTzyLmsM0XelvBLQHNHs=,100000000,FD,FCGl4oLAN1ynfJlzxZIz0w==,1992-10-13,532066
358,iOPHf/AwuSGyjluxAaHFuB4IDjdcrG0le40O+jwNXHw=,1000000,SAVINGS,NTpWGHtSSUtZKIjL9n0pyg==,2003-09-03,020271
359,ajfLUnJZAb7G93J5KNoFpvpFCSCXmETzrkgNtLCIwEk=,10000000,RD,aPv1bL6wF/STcgv9k+A4rA==,1995-07-06,854704
360,AwpUZsomYJEAF810QOEgRQawuS3d3AtO8fINhBvwg4Y=,100000000,FD,3q9YncVQdjlWVx3mUOppoQ==,1994-04-28,928548
361,bGHKyRb+yKT7n+3EeFgeXcwLoY7otChe4puBXL28EFs=,10000000,RD,lhJSbC4CmOwPLwv8p1VWSg==,2007-03-15,132523
362,3hq54OmVOqdk7OO4Y02osOUa52duiXMMGbSfdZhbDIY=,100000000,FD,+DRPylE/2EOHYCbTfTKJGg==,2001-04-17,132185
363,H5dyJD+ayxRvLuHMsBe7Y58cO9AK1ivhqX0qc2c2vnk=,10000000,RD,JLiW0qyV3JHWGtCj5+8eeA==,2016-05-25,508070
364,zF/Y42ms5ANP7Q8thn8kYklAIIOGMM9/afhQL/VnPCc=,1000000,SAVINGS,gsGsvwnXXh8Sh+P7z8IKzA==,2003-09-05,103217
365,YpZXbj2hlS+Pdp0t/V3P0xqDenQ/Nn85h4YkClDGnWs=,10000000,RD,2M9vNE/sxixR2yQrbhoE1A==,2000-01-07,011754
366,2IcyT62Attyhpre8U0FLoz96R09mdZrr2+ssQC45LRk=,100000000,FD,HhN9PYcjWEBErhFfFefg1g==,1994-12-07,554598
367,JXPuDN3unchnm/ALw+8CK8Z4IdT6O2bcBLwWwwOiHq0=,1000000,SAVINGS,sdJTLrb8avM2rL6OM5nF3A==,1996-07-20,456588
368,Aw/ohPVCPl/cv1y2x8p6MP2fC8Xpx0bEe7tuBJPMdcc=,10000000,RD,V65l/HT6tZD81oMzHyfH8g==,1990-08-22,617341
369,W5B27E27o3Qjj+b+h50HwArZ0LWRmw8GTXeHXjQNa8o=,10000000,RD,NQuKJQZst/RokYk8n9YOOw==,1990-11-24,766795
370,Oc8Irr4k0XD4wujiefagVbJq7SpppajyjXVxFHsVr8M=,1000000,SAVINGS,+lWJkQ1fD1IC2YxPgDo3aQ==,2010-03-31,084844
371,aalWXONdE/OxAE7rPJuQcXrq8bDnYpqKE7niA/9hkpM=,10000000,RD,a6kYRc8/+c+VltmcYAbDhg==,2004-07-08,814755
372,hKxcoXcLXr8b8x5niuERYmvd+vY8OE+BhloxRX3mPuc=,1000000,SAVINGS,Wpp+GTRmhdWCDwOwe3RyXg==,2010-09-13,935771
373,1u6FUYkCbsDRwODnQdBk/0hy/pKUyapLyx9VPyHP1/E=,1000000,SAVINGS,JyBfERgZCsMD94k4/SDImw==,1995-07-31,163213
374,+kLpRBIIKJK//nVN1xmdax/NfpgrCzYOw76/wphvrGU=,1000000,SAVINGS,/iCn/Je70zI2arclQzOSVA==,1995-09-19,307932
375,pdwyxRERfxlkq5NZkh8xHp1ak9+sdvQBC+OLyeTfhWQ=,10000000,RD,WL/HowiGdRr9Weau0W9BoA==,1998-09-30,689081
376,L/lmyXLQTQvLNwxbW0h2InmmagGpGw+UbbmPLZ8cVFY=,10000000,RD,Nk6+pOCZ9aN9OzpOd621/A==,2008-01-01,061276
377,qAvg+1SFH6kTmkouy+zNXKwh0V3dYI2dEdYMNr89PxA=,1000000,SAVINGS,ipcWWnDADrjx6JiHknhfkQ==,2008-06-08,329453
378,kIoEVzs98oHEtDBhfYvFU5O0FavDdtGf+UhcySCY7xc=,1000000,SAVINGS,NHvC2t+WBnGl5vYRb25I/g==,2018-03-25,731821
379,UmIxsOXJl+UUqfuyKsEayZzVP0sYfDc4P9Pes98BoQs=,1000000,SAVINGS,jYKs812ouyJePy2YLfGPuA==,1995-02-07,510163
380,yTHVuVKd7WCnw9uhMgXJkFMHgEi/nJFyRa6h3VrWrq4=,100000000,FD,l3XvzGwwoami4gwxkn9Ojw==,2007-09-17,727286
381,,0,,,,
382,,0,,,,
383,,0,,,,
384,,0,,,,
385,,0,,,,
386,,0,,,,
387,,0,,,,
388,,0,,,,
389,,0,,,,
390,,0,,,,
391,,0,,,,
392,,0,,,,
393,,0,,,,
394,,0,,,,
395,,0,,,,
396,,0,,,,
397,,0,,,,
398,,0,,,,
399,,0,,,,
400,,0,,,,
401,o7WCPWkplgWiV927eSunFGvDBQiSPDaYUCS2hiRox/E=,1000000,SAVINGS,AZWWh5ZrFH17SdsFYGYBjg==,1997-09-27,766908
402,bYIJkRSl5iAWZQwtGKBES3cEUC0kahRnbGjO2mJihZI=,100000000,FD,u7uNENxN9Jmgccj3rEZI9g==,1998-05-10,783031
403,VXMUajzvL/Z40G7QNvV1xa59nogJcj1B9N+ri3PY+ls=,10000000,RD,Y4tWp3u3TRhaV5M5gpCZng==,2001-02-14,307112
404,Muj6IzTtTMjyKfcLJ9MuQgDHpfBuS2JdoLk5xQeBmTI=,1000000,SAVINGS,nauSq/aYy1o1V0uKDdb2Gg==,2018-03-22,922407
405,IY5VK6sZvAuIJs6E7Z1u56KkAIyrXNStbu5PdS+iGNY=,1000000,SAVINGS,B1wjFzDRvmM7lO4wpKxmKA==,2005-02-16,089344
406,QFCqhqBXylH4id9qiUphPrc00pH0qhXNNbfxsficRis=,10000000,RD,4HAG6wE5sO+IpgRbS0vLrg==,2007-04-14,564218
407,2h3U8yhOKeD8UM8J7pninApBn8C98vCb8zrJfUiyG6Y=,1000000,SAVINGS,MLAZ3HQ8VGgbo0Yye8YP2w==,2004-04-26,267498
408,OCoR3bBt1GCbVoidlWzA8YbmMgiTTDlvGPQdlQ1hHP8=,1000000,SAVINGS,6aThNect1sWl5DBgTWsxLw==,1991-12-13,693413
409,39MvByO5fpvAe6NQ1RSl6r6MlcVGIYMOybg4p8MrUdw=,1000000,SAVINGS,y4Yu9fL5Q/2UbwfJz3+jzw==,2009-02-11,954615
410,ERGYYw+k6TRBhBsabjG1dpI/Uc/Z9Mko/1HjrYifP04=,10000000,RD,88tTR0f47hmHoashhGuoWQ==,2014-02-02,326001
411,uShRfPKHWwungg6Oos++v8m7CKbSJrovVidi9+Az2IU=,1000000,SAVINGS,neXzABZYj5UvU5TG8CfHSA==,2016-03-15,785279
412,NyE16X+6dyBAtPj/VHVHW1DC53xba28hmRaHnOpiHAw=,100000000,FD,c7RwWVWYx9GboIzuU2XJhg==,2015-01-18,836210
413,WuiwZN05Pvj1Sfl+pmm1ffy6FzY4Xy5lypPBH0Ivf1g=,10000000,RD,lj5uw7Uhh2PNeS6ZWy80CA==,1994-10-31,772534
414,LBwpo4mU1Ckk6lrhyCmfo5/oBofMceU7pcqQaFdumrc=,10000000,RD,0ktlUv7DQ5zlHoCsomBc3Q==,1995-07-18,307932
415,ra5Zu1f2b2lWqdfizIHRXeCpGEuwKCCJIVpu+5xaGfw=,1000000,SAVINGS,jw1uTU63k6+31Wb0WF8gjg==,1991-07-08,856447
416,xsafOC3m6rr0B823NkmfIgFJBRibaAZDRfbyfguqTUQ=,100000000,FD,KbcGf0APMNyUKvVbeSzlKA==,2001-04-11,457365
417,evqfkUTUSfdt0HDPX/dnsHwKevMhCOlAVAuPyYNjniQ=,100000000,FD,Wwv7j/490weAHwOvXONTng==,1993-05-06,815475
418,z7J59+z2HDFTCY+a6HEZ+cW8v7FkunlYkJtZD28T4iA=,10000000,RD,0/+EQ4TLeTss6jYwfvV6Zg==,2017-09-21,163651
419,U1s+T69HpfMelLOPNSeTqfzpEPaE/0jrwHLdaCpKvvs=,10000000,RD,Lb80nAAqb64UJWH7/of68w==,2003-01-05,414201
420,bcZUcEr//Mbmt3Yasu/vhhx3raO6c2kkygucKe4K4Y4=,10000000,RD,W+w4qvHpUKRManVg/JVGBA==,2019-06-18,326001
421,tEL2S0axaatOecwjPzVJq7qzzUZz8tC82H+8qRz+wd0=,367385459,RD,KClvroP6vGL70Ml80jD6Ug==,1994-08-25,979566
422,g3j0s03K+v7UAIMAhbOYBMCFMwBSQXm3Map7rQp4dis=,429869423,RD,+HdUD2/2H/9HVTEA2Lh/5w==,2000-11-11,920360
423,3NCZfkSHAFNichhNGi2GYinh4Ppnu3ueJuJPuaMntfE=,210410800,SAVINGS,VG6NoNhHPaTDkVRSFd1iUA==,2019-07-17,925310
424,qKflEloR0s7b4ngbA4CXAzRkd6pGjrLb0fZel6heisk=,400111228,FD,X1Duo3XrKeRyGRY+T1u/dw==,2004-05-26,364250
425,nadmeHxdjCAzc20HydKIjzHca21nB4RLedCHv0pj4Vw=,263736703,SAVINGS,Eand4X02t/5jphW2nLVGAA==,1993-07-22,727286
426,tZCz8QSoErpt+YyXr0ddshPX6nq42KNWJagYvxAAxsg=,205212328,FD,Aev+bTbocsfbMjWqVgYAmQ==,2010-04-22,554598
427,8siVlxmpj6d2ACRXeN7EPY5bgNFgigAHt1it9TXINgY=,389536862,FD,JwrgtRvO6olMEBHQGO6FUA==,2011-08-01,710604
428,xdv0KD3hFvspx35nuujrUeUCKJGJ1syd7pXgXyfRDMU=,479607099,RD,/8rsVtLG97AIDu+8/r+mOw==,2001-06-27,823924
429,c6hPDtwhT5t2CBfCftdofl/jPjeyrWcb2eS9PJyFpvM=,32077056,SAVINGS,m2E0159MpBAwul4XtDaFlA==,2018-07-04,434090
430,0mo+d2jd5q3Jpy4LwOhtQ+BjStZaOMuJrE/DZePnp84=,324162575,SAVINGS,KpdZyrHVB9PhrPg3iDKg5Q==,2011-03-11,161244
431,msPSXY+9+jIVC+l27ZLglRIJloX5FrKIqjM+j3D+PcA=,327296590,FD,V6tjMwKoXCon3SIOkONhiQ==,2011-07-09,757177
432,6fHzRGEu43Wy8l7/PY2qMK18A7MwIBM4b5E9jJqd9Rw=,309832306,SAVINGS,fovyskDC5K60pFoOMKZdkg==,1991-06-23,629401
433,oz6tyiq6oef6xaAvWw7BkV8zh0DyxbgP2uKYBOLtxNk=,441993314,FD,iOrX79rFmk+0lWfnp92xHA==,1993-07-07,366139
434,IYcBFzgdUJUi+gk42pkappfo/PGNrAtkYZGXcj6A5SQ=,341959927,SAVINGS,2OsuQMET3WQuXbibEzsanw==,2002-02-28,070164
435,F0X63yK4Pm/sPq6I2KPp+pqwiFQ9T58kF8cSwPMh0Qg=,259219176,RD,nfoDWNiOHAgCkbYMYmvRBA==,2015-02-06,476625
436,De3rKG2wgIytK1wX68xCjG/3U5Wgskmy4IQEaulGIjI=,58489074,SAVINGS,msensNUwj0M2UyRU2FKm5Q==,2000-07-12,417743
437,gaDzGYWHvLn/dQncGJEXA2S/QJNgSuXm/8oZ9+aSKqY=,452451119,RD,chOrCFxU3Yaf2qTa2LSvkA==,1994-12-18,377221
438,fU5l/nkj5Wo5Y6P8SV5ORy4Jv8csAWfAd31hvEgzsVw=,302566366,SAVINGS,cDzvPO4co360zXRogfqdvQ==,2008-07-09,125840
439,zBFRTnI7d5w4dfvgsH2U5muFdaaqPlleJQQXji94ckk=,462134516,FD,0LBrovpfptJub7r+QWKcNw==,2001-07-08,168050
440,CyBnZZbIiY0tPRJYArIVJP7X+CFBWcczSTxOEM59YcM=,474429368,RD,D/G0xg1OqrLumVgdOCaugQ==,2001-09-21,532066
441,22Ddx3FVE5x9uALQwlSYRbnUmBs600a2KHfquhld5yc=,10000000,RD,yl1oTFpx2CGZoKQXMQ+9hQ==,2016-08-15,652968
442,eL2d2kiW/A6wCjfdGOBYRbh8GNAj9gwDrgLSAMizAxM=,10000000,RD,73NvkeNVzWsyoJLROXErdQ==,1993-10-19,854704
443,eh/xMu486BpTeM2vh/F7CwsfcH7eHi9Lu8QITIIuCKQ=,10000000,RD,PI0xsNuwOhFCmROYdAHhTw==,1990-10-27,750169
444,gBjJrTUvAsaZziPhSuDdswLvWLeQHPeA4AZ9y8Hausw=,100000000,FD,rwIvzb8kyruwypezsMfTiw==,2017-09-17,411624
445,1L2Oju52hXOJXth8WAY0AuMh6aoc6WVX8rWtfSIMweg=,10000000,RD,abjeBpndSfCwqqibgIE5sA==,2005-02-28,773557
446,LyxODpbeQJ6k4Mey4qh/X72qs9VvWlZ2QLkcbGSbmXk=,1000000,SAVINGS,AyfrQtHePUmpC6hehYgWoQ==,1995-01-03,932666
447,iS73qnPvyhhtl6S0EIudmcnEungi5C9JDQq3hsrEqyI=,1000000,SAVINGS,1j5dsW7NnhWfEd5EDrby7Q==,2012-03-10,833071
448,7M3N1gwsciiJ2QT3ChKsUflnH/WgzL70cYicQV87qvE=,100000000,FD,leltuHH4YQw+rgzB0HHWqQ==,1990-01-19,110912
449,IG+7LCaueARXZWO0hrdjtNu4xD8sLoHx8BjdCZP7mqY=,1000000,SAVINGS,oAjLN9ZEecQmj1Gog+R5QQ==,2002-11-15,508070
450,RSyYhGI46BiaTGsNSGzS3dqlqPDdhC6ckqFOQI5qNF0=,10000000,RD,Mq14UgKWnZUoh79mkZmjPQ==,1994-06-07,280370
451,CnOUfnfjKetxmRNyZRIu6ULu10qnf3E45E2EcL9x7Uw=,100000000,FD,1zzpctc0RlIyeRuJXABAWQ==,2013-11-20,753791
452,/y1gb6myPuxzHy5SXD5tZl+WMy2EV6KVt2GQb20eSn4=,10000000,RD,GKvaXxt5OsdKsZL4xR+ayg==,2004-05-30,070186
453,ZR7mZhquqa85Z6DC2sHN4S7HRFS9GMrglW845/eUTe4=,100000000,FD,opakMsDfE8W0FWV98x2Cvw==,1995-04-25,215862
454,g02YkiuLhEI/g8viUqIsXhIIC3VISM46MBebFEmIli8=,100000000,FD,HIG22yJK9scdlhmAF3yg6w==,2017-07-26,799016
455,khbHuFLB6DJsIM1EZdabIXySLD1wdQVbrTfL4rLQjiA=,10000000,RD,CcwRoeb3P1PiouJln2hJRA==,2011-07-26,300856
456,soSOOyPgmaAfQ0M40vw8Tor5pZ2/gzAIqeyL0EV25Sc=,100000000,FD,nj8+y/gBdNTUr0QHK7V13w==,2007-01-23,061276
457,4Z7RSlvR/+J3LJWFZbgNOqOPL1uX32wHdCbDhXgPzZs=,1000000,SAVINGS,zkyDG/shAwSRGRwJ6bM+XQ==,1998-12-07,517014
458,JkitVJc/E3iPDv669n0Tsg//0Xe0E1czLVBN0e988DM=,1000000,SAVINGS,fCfq8cbfzxlZysHTk7WE3Q==,2003-09-26,013970
459,VC/Cmme90IovWaldd125lc7qF55REZ+BXrWAu6jYij8=,1000000,SAVINGS,zrTSXYUdsFfDPP7oTWMqSg==,2000-03-06,753791
460,uinBCybcn1AW6aFu8Eaefpj/ln5vFeQg8f3XNmaGHCU=,100000000,FD,e83B68FGcxUN4MBncEqL8A==,1993-02-02,784223
461,CzPA4CDTT+FM2SDBlAjDcGf9foTOyHIRPsHJcEsaH5k=,100000000,FD,CJo5FoKw2hT0DivaDbnz0g==,2006-02-07,767
462,BRudpEpQSHWzNaqh6IFTA386q9kSLKRj70a4B9ew7zs=,100000000,FD,p1mDcnDVeBzQ9T+TAgyi+Q==,2014-01-13,903
463,9sGtMMwX8oBS48kifLY5SqRSIVblKQ8Q9Y5YpfL5FU4=,1000000,SAVINGS,xoGuED5ihBBxHkC8jS6YIA==,1997-03-25,347
464,toLgryvw1ocIjn97T8li3xHg3iSVr/bRcub/MXqXt90=,10000000,RD,ebONr8P+VtgEt3c6W89kpA==,2003-03-25,511
465,cTgQ1y6eHq8kElu5ZrZauJU8th0gm88aoY9Ox4P+QZA=,1000000,SAVINGS,QaEmByyPVjLz3GwVxLNAxw==,2004-05-04,190
466,pyFno3pbVKlao6TCW3KTBsPawdpKqb+eSMTEeNt7lcI=,1000000,SAVINGS,uHiiIt9kYGSmUtnroErYug==,2007-08-17,474
467,UNwbLvl1Fr2ksFzw9PNOFga4DpUegmMKUNX37NqReUE=,10000000,RD,sUUmvHLN0IgqXKoLjTzMHw==,2008-10-23,132
468,loVd7/LauXnzUu6DsGSFZSMaiL6PUbPc8jiib1sNaD4=,10000000,RD,tUdZi3NjYrsF0LWVaX1w1w==,2005-02-11,836
469,ot4IBAO+8PnTsmFE/PjXZa/CYhPIzuZEmeLUCPZ3nPw=,10000000,RD,OFTHK2wHCeB12SSBsOB5Pw==,2009-05-09,346
470,5vy0LQcm5+T0lgEGEdEkwMnWHleSz6lsL1sOpZzNlHw=,10000000,RD,4YOCNr8VpfE75BZ/IfgOqQ==,2006-05-20,379
471,lBNPqdeusIlAf0B/OeKiD24log2cjhtjCTE9ece3fNI=,10000000,RD,mEOZzG5R9hSC3v6XdaTm9Q==,2015-07-12,414
472,LyRCxr2NZmm2fKSCK10t4SpjCujbGjD8lY+RwC/7E3U=,1000000,SAVINGS,QbJh6r9jyr9aEMeU2UzaXQ==,2006-04-09,843
473,WC6FDu1aweQIOt1pg+564P3BqdpOkPgZDmCpKwmnmT8=,10000000,RD,nM+hJdOrMWhjeHu5IdTF1A==,1990-10-11,128
474,B7cszJGDJFI5gLY8XUwfcvaq3bHOmlGAD/Bh1Zyxkdc=,1000000,SAVINGS,OvShxgMsBTnefOUEyNZU3A==,1994-10-27,844
475,QzjpcCB5pvAPEVcMZRS7lxz1M33qq73KBoiL3c6P76s=,1000000,SAVINGS,uImredvH9I/wvMDYhCuQlQ==,2011-03-13,231
476,1zyTHQgPOgEKg9q0QKtvTF6vKg4vH1+NKqj3BeW5JKM=,10000000,RD,BB0l/XCkguFYQYBgOThjsw==,1990-04-16,970
477,9IjnxBAiQHgFLr/NjuXAcceQCS3ZuKRfTk3eGsDgGaU=,1000000,SAVINGS,m8e0goVZvptN7pMoUPPxTA==,1997-12-12,356
478,HD7pRGbRuBd6BianKQAdcamHxpL2uo+MZryrhEkVyJo=,1000000,SAVINGS,Wr4IDDqcN1WDHUHn5IEdBQ==,2008-03-18,45
479,LdqMQaV2Im+GbtsJjKccXA2F+1dKxnJdCWTBC/Yb9Rs=,10000000,RD,5FrxnHsdTJL4rFeLRPdJ0A==,1993-04-24,400
480,fOvHkyeXm8lYMjLMzSE3IMjYxgWFF0K8YGm0NWl0MvI=,100000000,FD,679LwxFkjAFp19r9e19neA==,2003-03-08,607
481,YVbPx64Cm89BCwkBWIg8s+MOcesVOtEyl2EnbypOiK4=,1000000,INVALID_TYPE,grSfs6qPmn0gBCdGWqpSwg==,1993-03-05,786528
482,U1TiVqyYbHPiCHjIFG7z4O/zUiaMiBCWVAIJl73a/Vs=,1000000,INVALID_TYPE,fbwYbub0EDs/OpLwm0P59g==,2018-07-18,168050
483,hH3o/Lpz2dFY8pEcejyHV/xn7Pd9BLByzGM2v2yeo0E=,1000000,INVALID_TYPE,zbGN30Am0HfAOFcp0VKVwg==,1993-01-20,571081
484,juF+14y+TR5RLUIpQNmJcRLTv06U1UtrBZy72sw5V50=,1000000,INVALID_TYPE,B27rIMRbhpAvSfRrW/nFIQ==,2001-05-16,284149
485,N0hdqbJPGXHy0tuVxxO/P8pCwkZH22HhG71vGFhYowQ=,1000000,INVALID_TYPE,CV51j7v5H73s2d1f6ByiPw==,2007-04-15,316088
486,UNlF+eN+4M3vEteIskuLdYIyqRvy+L/j19t0a8M8xU8=,1000000,INVALID_TYPE,QQXLaYh1/HCVCd+xF3pSOA==,2007-12-01,108166
487,aIejS0M2CTkYanIryYOXUIt7owQeL1IhYNxr7z1LBoU=,1000000,INVALID_TYPE,DG1weQd2ULEJk0zhnRz7hQ==,1995-09-05,226932
488,rEnByzxh7ilk+JczEpIo69250t20M1iRzrZNzzdLSBw=,1000000,INVALID_TYPE,vTh3Ixe/nMRacGMGim7xYQ==,1994-10-17,896698
489,rcxLYYk2gZsZ78q6U1kFrNUt3H9Qx1YkFWfhBXcAJ2w=,1000000,INVALID_TYPE,OtE6bJX5BgQ606vHitc2Uw==,2010-02-04,108166
490,4WdJ4XyennKpMZXmU2o6BOrthMgkZJqV+oAv8AwJI5E=,1000000,INVALID_TYPE,TsR5kShSyoconvpOsVlnwQ==,2007-11-02,182326
491,oLsaQ33NC2v0tu7hasi7Gn4EtDlzo/bmv8JsUGJs79Q=,1000000,INVALID_TYPE,xGwrztW0GsAcy6IjCpHssw==,2010-10-05,727781
492,Gxn5lRZfHoZI0ygWjPMT35oPTt9cHnec9NNfplp28CI=,1000000,INVALID_TYPE,YiJLBsZpFcpgDfwoEqOvRA==,2007-03-28,766908
493,4blczcB/nmCylvIP2WiRag+RN6IEc38uxxqq+64JjZ0=,1000000,INVALID_TYPE,JI+OqOxYl9EtJpYJfVigJA==,1996-03-10,614168
494,vEQ+AV3BCpE+HdSedMgsZ43DC+rGIvLWHyuhJS0uY8A=,1000000,INVALID_TYPE,hiCYdADIok3VJdU7+TqO+g==,2018-08-24,249847
495,CGxcOsEAmZW041MVJj9F6PyQZ5BRY6Fve1mqtYGyilo=,1000000,INVALID_TYPE,K6+Y/017aTyURjYCJ83a/A==,1997-03-10,731933
496,dx6W9diHX13du+Xt8R+kfLSS4j8U3JwEZn8L+Eh4Soo=,1000000,INVALID_TYPE,D3Pu4oiEnEpuNpjfgia2+g==,1995-08-14,843881
497,96uiEjLikLGwP3YbgYYykF5WmPvPxbtAvsChfv0k5e4=,1000000,INVALID_TYPE,BKmnvIGaUHV6BeP0l+RPqQ==,2011-01-20,042994
498,SemZkrqYIUF6Zek/0pVxe7sUKU4MlEz4pEhqD+WUqTk=,1000000,INVALID_TYPE,yVdUO5Z7XabkWdb5Yu3dhw==,1992-01-01,247452
499,Ofo88T6qTlSWYkOH//pgtcEk9Se9mi/s1IfbjpZVBoQ=,1000000,INVALID_TYPE,b3tpAk5OSgJ9b1WCD9AY5Q==,2014-12-27,015499
500,4sCU9tRvG3Z1pnsRwJkZk4SO+zDzWy7aOUoSDaERg4k=,1000000,INVALID_TYPE,qlEcMkUaNuRp3h3TCbS2tQ==,2001-03-07,021238
