RecordNumber,Name,Surname,NationalID,DateOfBirth,Street,City,ZipCode,CustomerID
1,,,zgMEzC8A/COBfzZuO7hkpQ==,1970-12-23,Oak St,Karaj,71698,205917
2,,,riMLN5xb8ROzBB6ApNPVmQ==,2005-08-13,Maple St,Isfahan,07343,231376
3,,,c+ThTHPnEse8kyOYoR31mg==,1998-03-23,Elm St,Mashhad,74885,969543
4,,,yEVOZ9+zK6syAXlKJVyKwQ==,1970-11-21,Oak St,Shiraz,97997,432436
5,,,b9e84isW014BfzNH19bcFg==,1970-05-12,Oak St,Karaj,66665,259309
6,Qdk/v4T/H1yG3uo4ajRx9A==,PUGvtsjJ5pMeyEmI3jwgGQ==,4NfXS9tfPiieVAihPIMM9A==,2033-01-10,Main St,Karaj,62413,782276
7,GjpRRxOdMmvaFzqRM0SiBA==,KqsndXBWE9CL/lW2XWnSOQ==,x1NRJ+SjdozkHJUQ2O/Gew==,2024-06-02,Main St,Karaj,02697,403
8,PpTzxSgitj+zy9/A1MhDNA==,0m/and2u2GGYSA+cFs8KZw==,Sp5i78y5ZDXlNsg6syfP5w==,99-99-9999,Oak St,Karaj,16021,604934
9,PpTzxSgitj+zy9/A1MhDNA==,M4mjLsfHDmWgZ0beJjppOw==,kHU7Q3W64fAPns/BKOxh2g==,2026-06-18,Pine St,Tehran,47170,1068
10,8StU3kA3iswcSnMoypBQPQ==,KqsndXBWE9CL/lW2XWnSOQ==,usJNQ8WhP4ZUIKL8wuVcVQ==,2031-12-09,Main St,Tehran,75051,873
11,PpTzxSgitj+zy9/A1MhDNA==,M4mjLsfHDmWgZ0beJjppOw==,+/QGccaclvknF3qj/gkxLA==,99-99-9999,Pine St,Shiraz,27526,129
12,PpTzxSgitj+zy9/A1MhDNA==,rONxj9nGuhkR77wQMJsrbQ==,yEx2vDI5MYtvtJUOrAbssQ==,2032-06-23,Main St,Mashhad,22471,117858
13,PpTzxSgitj+zy9/A1MhDNA==,KqsndXBWE9CL/lW2XWnSOQ==,hoiNEy8B8IRKc/f6czVbmg==,2027-01-20,Maple St,Karaj,32468,215265
14,KIbAtI8Dcmvk+1kz2NDZGw==,0m/and2u2GGYSA+cFs8KZw==,ussaxP6Cfg8a01KwiR2J7Q==,2025-06-28,Elm St,Isfahan,53382,072633
15,PpTzxSgitj+zy9/A1MhDNA==,PUGvtsjJ5pMeyEmI3jwgGQ==,VegjVQ9sTx3T0Fqga381bg==,2024-02-28,Maple St,Tehran,39366,564
16,KIbAtI8Dcmvk+1kz2NDZGw==,M4mjLsfHDmWgZ0beJjppOw==,YP1u7Lo+yJGLq/VGA7sJog==,2028-07-15,Elm St,Karaj,64615,196717
17,xbFb82Uv2sZ4eDEAyLmYAQ==,TrUXEI776bkhHKxYN9s43w==,AKZIhj0BccJPVcoum5Rwmw==,99-99-9999,Main St,Tabriz,23892,411899
18,Qdk/v4T/H1yG3uo4ajRx9A==,rONxj9nGuhkR77wQMJsrbQ==,0tpQ9ZMXoeHg5qGAweHFLg==,99-99-9999,Pine St,Isfahan,74066,474181
19,Qdk/v4T/H1yG3uo4ajRx9A==,D27fl3MDMv2jXJJ6c1wjeQ==,t+5BpkT+Ywiva3xfSkp7jQ==,99-99-9999,Maple St,Mashhad,80553,038398
20,ivKJoJUMzCBb7UXX/M/spg==,M4mjLsfHDmWgZ0beJjppOw==,JIAv3W70uZt7mCElwK/AYg==,99-99-9999,Main St,Tabriz,59416,158000
21,Qdk/v4T/H1yG3uo4ajRx9A==,D27fl3MDMv2jXJJ6c1wjeQ==,l/QYD6M/q/7Ty4sAu4KOkw==,99-99-9999,Main St,Tehran,66196,986512
22,xbFb82Uv2sZ4eDEAyLmYAQ==,KqsndXBWE9CL/lW2XWnSOQ==,ourSoAl3bHWquBIPBxiADQ==,99-99-9999,Maple St,Shiraz,13402,325
23,ivKJoJUMzCBb7UXX/M/spg==,PUGvtsjJ5pMeyEmI3jwgGQ==,P4g0h/aggbaxg6qxXGjH+w==,2028-09-23,Main St,Tehran,68165,936
24,Qdk/v4T/H1yG3uo4ajRx9A==,PUGvtsjJ5pMeyEmI3jwgGQ==,yJBRkpaJbqT98ZNdN+1wdQ==,2030-02-08,Cedar St,Isfahan,23673,124355
25,Qdk/v4T/H1yG3uo4ajRx9A==,0m/and2u2GGYSA+cFs8KZw==,tWkNJ8PKvzrtC/LdRMH8Xg==,2026-03-11,Pine St,Karaj,85932,928324
26,KIbAtI8Dcmvk+1kz2NDZGw==,rONxj9nGuhkR77wQMJsrbQ==,9bnHrAYHxvT/0bEZEJkp5A==,99-99-9999,Cedar St,Karaj,59986,138202
27,KIbAtI8Dcmvk+1kz2NDZGw==,D27fl3MDMv2jXJJ6c1wjeQ==,W4ncR68aQVwwEwOV021/Kg==,2025-05-27,Elm St,Mashhad,05591,707579
28,Qdk/v4T/H1yG3uo4ajRx9A==,KqsndXBWE9CL/lW2XWnSOQ==,PpAPIAnkUkR8LzTqXStadg==,99-99-9999,Maple St,Tehran,94604,672595
29,DpWcgHBU5Ve8WFanfRvzMg==,rONxj9nGuhkR77wQMJsrbQ==,vpDrPVPOuU0NlB9c6ryf8w==,99-99-9999,Elm St,Karaj,84146,924
30,Qdk/v4T/H1yG3uo4ajRx9A==,D27fl3MDMv2jXJJ6c1wjeQ==,d9ZBp6uZe+4kWGVR7G01jQ==,2029-03-20,Maple St,Karaj,27424,414141
31,GjpRRxOdMmvaFzqRM0SiBA==,rONxj9nGuhkR77wQMJsrbQ==,RLPh0l6amRKMpXdLweDmig==,99-99-9999,Cedar St,Tehran,41213,530
32,GjpRRxOdMmvaFzqRM0SiBA==,rONxj9nGuhkR77wQMJsrbQ==,k/h1+kPqguEuNwEtga7kog==,99-99-9999,Oak St,Tehran,70850,841560
33,DpWcgHBU5Ve8WFanfRvzMg==,D27fl3MDMv2jXJJ6c1wjeQ==,ntW8oD+JzQLLeaGh0kiVtw==,2025-07-22,Main St,Tehran,14640,941068
34,xbFb82Uv2sZ4eDEAyLmYAQ==,MHQs9+oZ1ba+pvh953oWXA==,VagiQkeOwSgkt55VTUQUTQ==,2029-07-21,Pine St,Karaj,99565,431
35,ivKJoJUMzCBb7UXX/M/spg==,D27fl3MDMv2jXJJ6c1wjeQ==,iIfxVUYouhTRL3e8R251nw==,99-99-9999,Oak St,Mashhad,14852,043620
36,xbFb82Uv2sZ4eDEAyLmYAQ==,MHQs9+oZ1ba+pvh953oWXA==,ATCKmf/8ppzX+0ue8kSE8A==,1998-12-27,Maple St,Karaj,34032,075282
37,8StU3kA3iswcSnMoypBQPQ==,D27fl3MDMv2jXJJ6c1wjeQ==,0qTlul+XD7F6qnPPnIU81g==,1997-07-24,Elm St,Isfahan,66971,941734
38,xbFb82Uv2sZ4eDEAyLmYAQ==,MHQs9+oZ1ba+pvh953oWXA==,1dG3pNvrFmj1N44R+FOSqA==,1988-08-04,Maple St,Shiraz,72156,957292
39,PpTzxSgitj+zy9/A1MhDNA==,PUGvtsjJ5pMeyEmI3jwgGQ==,sQ3fqvLTRD0BlMUPjiYuxA==,1970-09-16,Pine St,Tehran,91278,035154
40,Qdk/v4T/H1yG3uo4ajRx9A==,0m/and2u2GGYSA+cFs8KZw==,oTU6ChCuprgLe7ymgQbTVA==,1983-12-09,Pine St,Tabriz,00979,130644
41,Qdk/v4T/H1yG3uo4ajRx9A==,PUGvtsjJ5pMeyEmI3jwgGQ==,YgLUdfYwCNHzWhIHst8Xuw==,1974-07-20,Oak St,Tabriz,70071,841362
42,8StU3kA3iswcSnMoypBQPQ==,rONxj9nGuhkR77wQMJsrbQ==,GeIPQmuWrWeUNRK1QhXyEw==,1985-08-27,Maple St,Mashhad,09008,796855
43,xbFb82Uv2sZ4eDEAyLmYAQ==,rONxj9nGuhkR77wQMJsrbQ==,nB3R1Q4MSl063K3AUi/CPQ==,2002-11-18,Maple St,Isfahan,78472,466499
44,KIbAtI8Dcmvk+1kz2NDZGw==,M4mjLsfHDmWgZ0beJjppOw==,TVfeHaRfEX39y7HO7JiUmg==,1974-09-18,Pine St,Shiraz,74704,322535
45,8StU3kA3iswcSnMoypBQPQ==,D27fl3MDMv2jXJJ6c1wjeQ==,aBIdEENkL/QUgJm+y4zAUg==,1999-09-13,Maple St,Isfahan,32481,396109
46,ivKJoJUMzCBb7UXX/M/spg==,PUGvtsjJ5pMeyEmI3jwgGQ==,m6E3/Py/tYLMysDjG0iDzw==,1983-02-23,Pine St,Mashhad,13073,495008
47,xbFb82Uv2sZ4eDEAyLmYAQ==,MHQs9+oZ1ba+pvh953oWXA==,JVOhqHBss+wVMoGT+W0tGQ==,1980-09-30,Main St,Mashhad,55235,301497
48,KIbAtI8Dcmvk+1kz2NDZGw==,PUGvtsjJ5pMeyEmI3jwgGQ==,3oJX8cfEvsvWaERZsrSGWQ==,1977-08-29,Maple St,Isfahan,78589,438555
49,ivKJoJUMzCBb7UXX/M/spg==,D27fl3MDMv2jXJJ6c1wjeQ==,Yj+9vb2LsKqw0LzvN9v5cg==,1979-10-17,Pine St,Tehran,71412,902270
50,8StU3kA3iswcSnMoypBQPQ==,rONxj9nGuhkR77wQMJsrbQ==,wl4fSrSxEGQglxM/Daou8w==,1979-12-19,Pine St,Tabriz,63375,078319
51,Qdk/v4T/H1yG3uo4ajRx9A==,MHQs9+oZ1ba+pvh953oWXA==,DIpy83E51YjeNe2p1F3K7w==,1993-03-28,Cedar St,Shiraz,32726,985204
52,Qdk/v4T/H1yG3uo4ajRx9A==,M4mjLsfHDmWgZ0beJjppOw==,xsrnjrCHi3nv3alDTxwk+Q==,1986-07-02,Pine St,Isfahan,71222,632685
53,KIbAtI8Dcmvk+1kz2NDZGw==,rONxj9nGuhkR77wQMJsrbQ==,AEYX4wHhDomLIz5UG4K8yg==,1974-10-19,Pine St,Mashhad,51826,462721
54,DpWcgHBU5Ve8WFanfRvzMg==,MHQs9+oZ1ba+pvh953oWXA==,jq10WZSAqpHl/qgvXciveQ==,1974-04-17,Maple St,Tehran,89447,061186
55,xbFb82Uv2sZ4eDEAyLmYAQ==,TrUXEI776bkhHKxYN9s43w==,mZ6SarpNpNSJLAYySQN0Xw==,1981-11-06,Oak St,Tehran,48892,755625
56,Qdk/v4T/H1yG3uo4ajRx9A==,TrUXEI776bkhHKxYN9s43w==,hLAsMvlGPe5NO0tQZ/uwHg==,1984-08-05,Elm St,Isfahan,64329,370033
57,KIbAtI8Dcmvk+1kz2NDZGw==,MHQs9+oZ1ba+pvh953oWXA==,wRBdEfuQfGcm9d9Axex9MQ==,1981-06-18,Cedar St,Shiraz,08704,941701
58,Qdk/v4T/H1yG3uo4ajRx9A==,MHQs9+oZ1ba+pvh953oWXA==,8TVIEGnL8xMSHACZPEkhIQ==,1987-10-19,Oak St,Tehran,77785,118022
59,xbFb82Uv2sZ4eDEAyLmYAQ==,PUGvtsjJ5pMeyEmI3jwgGQ==,EKcU4bbuPEvHOvTZo1515Q==,1981-01-20,Pine St,Tabriz,31433,898702
60,PpTzxSgitj+zy9/A1MhDNA==,MHQs9+oZ1ba+pvh953oWXA==,hCfJSO6nC1ln51o4I1AMkw==,1970-02-28,Oak St,Karaj,08504,059611
61,Qdk/v4T/H1yG3uo4ajRx9A==,D27fl3MDMv2jXJJ6c1wjeQ==,VBdhH3ZttK9+CkiAdF4xrQ==,1971-09-29,Main St,Shiraz,37824,282754
62,8StU3kA3iswcSnMoypBQPQ==,MHQs9+oZ1ba+pvh953oWXA==,QOXzggJK+lys3TSLXWXc1g==,1982-11-18,Maple St,Mashhad,93694,806127
63,PpTzxSgitj+zy9/A1MhDNA==,TrUXEI776bkhHKxYN9s43w==,1OR2QIqoEQZvap6C/I5nDA==,1989-03-30,Pine St,Shiraz,78068,835602
64,DpWcgHBU5Ve8WFanfRvzMg==,M4mjLsfHDmWgZ0beJjppOw==,cykm0hLTDNVtsKuMbmbwRA==,1994-04-22,Elm St,Tehran,88027,288110
65,KIbAtI8Dcmvk+1kz2NDZGw==,PUGvtsjJ5pMeyEmI3jwgGQ==,1KsHRQD/rg7RF+0msdnQPw==,1989-01-27,Cedar St,Karaj,33830,838144
66,xbFb82Uv2sZ4eDEAyLmYAQ==,M4mjLsfHDmWgZ0beJjppOw==,mM5vm+Lt2phViNTMU/V1uA==,1975-08-09,Elm St,Tehran,12290,254876
67,DpWcgHBU5Ve8WFanfRvzMg==,MHQs9+oZ1ba+pvh953oWXA==,1L5hqMs/JOcy9I9aLWT6Dg==,1976-06-20,Cedar St,Tabriz,87133,859833
68,KIbAtI8Dcmvk+1kz2NDZGw==,M4mjLsfHDmWgZ0beJjppOw==,14cOGlbYgqszbEt+KxNxrg==,1992-06-23,Oak St,Shiraz,36044,544261
69,8StU3kA3iswcSnMoypBQPQ==,TrUXEI776bkhHKxYN9s43w==,rdB45tHBnDQhSHEKzMQjDA==,2000-06-29,Maple St,Isfahan,14429,946975
70,8StU3kA3iswcSnMoypBQPQ==,M4mjLsfHDmWgZ0beJjppOw==,iKkmsr4SH2Lq9MqXySq0NA==,1981-06-26,Elm St,Karaj,91240,776033
71,xbFb82Uv2sZ4eDEAyLmYAQ==,M4mjLsfHDmWgZ0beJjppOw==,rXQ2wcbxfLoaZWkkS2XTyw==,2000-04-03,Maple St,Mashhad,89232,357915
72,Qdk/v4T/H1yG3uo4ajRx9A==,0m/and2u2GGYSA+cFs8KZw==,6Nccu7d/STKueMQ/YDC1tw==,1980-02-23,Elm St,Mashhad,91179,112408
73,PpTzxSgitj+zy9/A1MhDNA==,KqsndXBWE9CL/lW2XWnSOQ==,XUFHIufyEefoYWKzVsiJug==,2003-02-11,Oak St,Mashhad,04195,310914
74,PpTzxSgitj+zy9/A1MhDNA==,rONxj9nGuhkR77wQMJsrbQ==,h7yFZ2uPNC1czrFkA2UxWQ==,1997-02-21,Pine St,Tabriz,10506,104948
75,KIbAtI8Dcmvk+1kz2NDZGw==,0m/and2u2GGYSA+cFs8KZw==,SoMtwpzpQ0MXUcozXhFZsw==,1985-09-22,Cedar St,Mashhad,14347,810425
76,Qdk/v4T/H1yG3uo4ajRx9A==,TrUXEI776bkhHKxYN9s43w==,TwxfdBqe6/OAorGSqyVNjQ==,1998-02-17,Maple St,Mashhad,40978,343965
77,Qdk/v4T/H1yG3uo4ajRx9A==,rONxj9nGuhkR77wQMJsrbQ==,ZQ2KZStoGHJe428sP+zX/g==,1995-10-03,Main St,Tehran,59837,882840
78,8StU3kA3iswcSnMoypBQPQ==,MHQs9+oZ1ba+pvh953oWXA==,aM+5ZGHtElhqnvmIGAgVzg==,2001-08-16,Maple St,Isfahan,53533,379458
79,ivKJoJUMzCBb7UXX/M/spg==,rONxj9nGuhkR77wQMJsrbQ==,rAFedM74vCoSJV+w3RbxJw==,1976-12-12,Main St,Isfahan,29705,422424
80,8StU3kA3iswcSnMoypBQPQ==,PUGvtsjJ5pMeyEmI3jwgGQ==,J9cxtelIAYXqbHM61Qh+qw==,2000-03-11,Main St,Shiraz,74315,617408
81,8StU3kA3iswcSnMoypBQPQ==,MHQs9+oZ1ba+pvh953oWXA==,glc9gDAAo//dNMjAbXgptw==,2001-10-03,Cedar St,Mashhad,70671,871084
82,KIbAtI8Dcmvk+1kz2NDZGw==,TrUXEI776bkhHKxYN9s43w==,eDbuC+LaLUJmlhVnZ2hS7Q==,2002-12-05,Main St,Isfahan,63202,462776
83,ivKJoJUMzCBb7UXX/M/spg==,MHQs9+oZ1ba+pvh953oWXA==,KX9CHcnC6UGlTRN6rzqanw==,1995-10-09,Elm St,Shiraz,63265,094755
84,Qdk/v4T/H1yG3uo4ajRx9A==,0m/and2u2GGYSA+cFs8KZw==,pnfSBgd1ppQRyrEGObLKLQ==,1992-10-04,Oak St,Mashhad,02403,990503
85,GjpRRxOdMmvaFzqRM0SiBA==,PUGvtsjJ5pMeyEmI3jwgGQ==,kKgXbvlg/OjwUqyRJq2XWA==,1999-06-09,Oak St,Shiraz,02284,401858
86,ivKJoJUMzCBb7UXX/M/spg==,M4mjLsfHDmWgZ0beJjppOw==,P2BFSS7r6byXJm0oJ0depg==,2002-10-27,Cedar St,Shiraz,41253,480563
87,GjpRRxOdMmvaFzqRM0SiBA==,KqsndXBWE9CL/lW2XWnSOQ==,Dgs1bUy+Ug+fA0CvzmMflg==,1973-12-03,Main St,Karaj,38349,086419
88,DpWcgHBU5Ve8WFanfRvzMg==,MHQs9+oZ1ba+pvh953oWXA==,yn3My5eHNEaTequL9A+7Lg==,1985-12-11,Oak St,Isfahan,96735,756907
89,8StU3kA3iswcSnMoypBQPQ==,rONxj9nGuhkR77wQMJsrbQ==,fSIcWc1CTviXpp7lsmyk7A==,1978-02-05,Elm St,Tabriz,63674,520041
90,xbFb82Uv2sZ4eDEAyLmYAQ==,MHQs9+oZ1ba+pvh953oWXA==,RPfpoayU9prux1eEVFrDLQ==,2002-11-01,Main St,Karaj,12961,699813
91,8StU3kA3iswcSnMoypBQPQ==,KqsndXBWE9CL/lW2XWnSOQ==,yLoCL/eyPno4RxugkGKBIg==,1985-10-17,Pine St,Isfahan,59044,096094
92,DpWcgHBU5Ve8WFanfRvzMg==,PUGvtsjJ5pMeyEmI3jwgGQ==,LVI3TDl/qVlHM7Y/F+G5HQ==,1991-09-06,Pine St,Isfahan,65523,451695
93,ivKJoJUMzCBb7UXX/M/spg==,TrUXEI776bkhHKxYN9s43w==,W6Gk+SqCx/bcfa4KNjEddA==,2002-10-07,Cedar St,Tabriz,93731,458298
94,GjpRRxOdMmvaFzqRM0SiBA==,rONxj9nGuhkR77wQMJsrbQ==,qjtmOBBULmrO5sznkqsrWQ==,2001-12-14,Main St,Tehran,95926,253493
95,GjpRRxOdMmvaFzqRM0SiBA==,M4mjLsfHDmWgZ0beJjppOw==,3jpgbZCWC6D1OdHwj3yjfQ==,1998-10-19,Cedar St,Tabriz,17515,616711
96,8StU3kA3iswcSnMoypBQPQ==,M4mjLsfHDmWgZ0beJjppOw==,36gF7Fcir5Uuq0q6MmjVww==,1973-12-01,Maple St,Tehran,65726,194600
97,KIbAtI8Dcmvk+1kz2NDZGw==,D27fl3MDMv2jXJJ6c1wjeQ==,88BoFPAY8nI/OqJGUR1aiQ==,2003-09-19,Elm St,Karaj,02562,386681
98,8StU3kA3iswcSnMoypBQPQ==,KqsndXBWE9CL/lW2XWnSOQ==,WJpWO/L5F2KqzwGr/JBlww==,1987-01-27,Elm St,Tehran,69125,729772
99,xbFb82Uv2sZ4eDEAyLmYAQ==,M4mjLsfHDmWgZ0beJjppOw==,BB3QT1d8TLKXP1/rUwoOpQ==,1989-12-17,Maple St,Mashhad,24029,311454
100,xbFb82Uv2sZ4eDEAyLmYAQ==,D27fl3MDMv2jXJJ6c1wjeQ==,/k1l22fDpBE3sdRaqqJdyA==,1981-07-21,Elm St,Mashhad,73458,861656
